open (EUR),high (EUR),low (EUR),close (EUR),open (USD),high (USD),low (USD),close (USD),volume,market cap (USD),Date
0.5048604,0.50578,0.5002624,0.5021016,0.549,0.55,0.544,0.546,311930.0,311930.0,2023-08-20
0.4975036,0.5112976,0.4901468,0.5039408,0.541,0.556,0.533,0.548,2.3392795e6,2.3392795e6,2023-08-19
0.4901468,0.5002624,0.4800312,0.496584,0.533,0.544,0.522,0.54,6.5481823e6,6.5481823e6,2023-08-18
0.5637148,0.5775088,0.4395688,0.4901468,0.613,0.628,0.478,0.533,9.4263281e6,9.4263281e6,2023-08-17
0.5857852,0.6290064,0.5462424,0.5637148,0.637,0.684,0.594,0.613,1.23291812e7,1.23291812e7,2023-08-16
0.62073,0.6418808,0.57475,0.5857852,0.675,0.698,0.625,0.637,4.6344697e6,4.6344697e6,2023-08-15
0.6326848,0.657514,0.616132,0.62073,0.688,0.715,0.67,0.675,4.1269176e6,4.1269176e6,2023-08-14
0.611534,0.652916,0.611534,0.6326848,0.665,0.71,0.665,0.688,1.07102584e7,1.07102584e7,2023-08-13
0.5968204,0.6152124,0.5940616,0.6124536,0.649,0.669,0.646,0.666,2.0129488e6,2.0129488e6,2023-08-12
0.588544,0.59774,0.5857852,0.5968204,0.64,0.65,0.637,0.649,1.1399309e6,1.1399309e6,2023-08-11
0.5949812,0.6004988,0.5830264,0.5876244,0.647,0.653,0.634,0.639,1.1860115e6,1.1860115e6,2023-08-10
0.5959008,0.6004988,0.5867048,0.5940616,0.648,0.653,0.638,0.646,1.2956583e6,1.2956583e6,2023-08-09
0.6050968,0.6060164,0.5821068,0.5968204,0.658,0.659,0.633,0.649,2.5148988e6,2.5148988e6,2023-08-08
0.6280868,0.6363632,0.5821068,0.6050968,0.683,0.692,0.633,0.658,5.1247193e6,5.1247193e6,2023-08-07
0.6262476,0.6336044,0.611534,0.6271672,0.681,0.689,0.665,0.682,3.7050093e6,3.7050093e6,2023-08-06
0.6262476,0.6519964,0.6216496,0.6271672,0.681,0.709,0.676,0.682,6.8060395e6,6.8060395e6,2023-08-05
0.6611924,0.6998156,0.6096948,0.6262476,0.719,0.761,0.663,0.681,9.3903064e6,9.3903064e6,2023-08-04
0.7016548,0.7044136,0.6556748,0.662112,0.763,0.766,0.713,0.72,1.14359706e7,1.14359706e7,2023-08-03
0.6492376,0.836836,0.6271672,0.7016548,0.706,0.91,0.682,0.763,4.32521493e7,4.32521493e7,2023-08-02
0.6703884,0.6703884,0.629926,0.6492376,0.729,0.729,0.685,0.706,3.121726e6,3.121726e6,2023-08-01
0.694298,0.7182076,0.66671,0.6703884,0.755,0.781,0.725,0.729,4.5071837e6,4.5071837e6,2023-07-31
0.7283232,0.7292428,0.6860216,0.6952176,0.792,0.793,0.746,0.756,6.9670097e6,6.9670097e6,2023-07-30
0.7007352,0.7687856,0.6961372,0.7292428,0.762,0.836,0.757,0.793,1.44214808e7,1.44214808e7,2023-07-29
0.6087752,0.7274036,0.6004988,0.7007352,0.662,0.791,0.653,0.762,2.00360139e7,2.00360139e7,2023-07-28
0.6565944,0.6676296,0.602338,0.6096948,0.714,0.726,0.655,0.663,5.9527252e6,5.9527252e6,2023-07-27
0.6096948,0.6897,0.6041772,0.6547552,0.663,0.75,0.657,0.712,1.06143438e7,1.06143438e7,2023-07-26
0.5949812,0.7117704,0.5903832,0.6096948,0.647,0.774,0.642,0.663,4.32277173e7,4.32277173e7,2023-07-25
0.5673932,0.59774,0.5324484,0.5949812,0.617,0.65,0.579,0.647,6.1728567e6,6.1728567e6,2023-07-24
0.5600364,0.5765892,0.556358,0.5673932,0.609,0.627,0.605,0.617,876647.4,876647.4,2023-07-23
0.560956,0.5673932,0.5545188,0.5600364,0.61,0.617,0.603,0.609,637601.5,637601.5,2023-07-22
0.5572776,0.5664736,0.5508404,0.5600364,0.606,0.616,0.599,0.609,871305.4,871305.4,2023-07-21
0.5453228,0.5637148,0.542564,0.556358,0.593,0.613,0.59,0.605,1.0893009e6,1.0893009e6,2023-07-20
0.5370464,0.5572776,0.5352072,0.5453228,0.584,0.606,0.582,0.593,902205.2,902205.2,2023-07-19
0.5591168,0.57475,0.52877,0.5370464,0.608,0.625,0.575,0.584,3.071378e6,3.071378e6,2023-07-18
0.5499208,0.593142,0.5434836,0.5591168,0.598,0.645,0.591,0.608,5.8415334e6,5.8415334e6,2023-07-17
0.5784284,0.5784284,0.5462424,0.5499208,0.629,0.629,0.594,0.598,2.2452611e6,2.2452611e6,2023-07-16
0.5968204,0.6106144,0.5627952,0.5784284,0.649,0.664,0.612,0.629,4.7926604e6,4.7926604e6,2023-07-15
0.5600364,0.6317652,0.5581972,0.5968204,0.609,0.687,0.607,0.649,9.9070029e6,9.9070029e6,2023-07-14
0.5361268,0.5949812,0.5269308,0.5600364,0.583,0.647,0.573,0.609,1.46340476e7,1.46340476e7,2023-07-13
0.524172,0.5416444,0.5223328,0.5352072,0.57,0.589,0.568,0.582,6.0853415e6,6.0853415e6,2023-07-12
0.5112976,0.5269308,0.5066996,0.5232524,0.556,0.573,0.551,0.569,3.9749719e6,3.9749719e6,2023-07-11
0.50578,0.519574,0.4883076,0.5122172,0.55,0.565,0.531,0.557,3.2866939e6,3.2866939e6,2023-07-10
0.5076192,0.5140564,0.5021016,0.5048604,0.552,0.559,0.546,0.549,822091.5,822091.5,2023-07-09
0.5039408,0.5158956,0.496584,0.5076192,0.548,0.561,0.54,0.552,1.3565445e6,1.3565445e6,2023-07-08
0.496584,0.5048604,0.4901468,0.5039408,0.54,0.549,0.533,0.548,773131.8,773131.8,2023-07-07
0.5168152,0.533368,0.4929056,0.496584,0.562,0.58,0.536,0.54,2.1545744e6,2.1545744e6,2023-07-06
0.5232524,0.542564,0.5066996,0.5168152,0.569,0.59,0.551,0.562,2.2572592e6,2.2572592e6,2023-07-05
0.5315288,0.533368,0.5140564,0.5232524,0.578,0.58,0.559,0.569,1.8329456e6,1.8329456e6,2023-07-04
0.519574,0.5324484,0.5158956,0.5306092,0.565,0.579,0.561,0.577,1.9317762e6,1.9317762e6,2023-07-03
0.524172,0.5250916,0.501182,0.5204936,0.57,0.571,0.545,0.566,1.585533e6,1.585533e6,2023-07-02
0.519574,0.5260112,0.5048604,0.524172,0.565,0.572,0.549,0.57,2.3102534e6,2.3102534e6,2023-07-01
0.4892272,0.5250916,0.4745136,0.5186544,0.532,0.571,0.516,0.564,4.3651662e6,4.3651662e6,2023-06-30
0.4818704,0.496584,0.478192,0.4883076,0.524,0.54,0.52,0.531,1.6074861e6,1.6074861e6,2023-06-29
0.5168152,0.5177348,0.4570412,0.4809508,0.562,0.563,0.497,0.523,2.4737259e6,2.4737259e6,2023-06-28
0.510378,0.5352072,0.5094584,0.5168152,0.555,0.582,0.554,0.562,2.9500795e6,2.9500795e6,2023-06-27
0.5388856,0.5398052,0.5002624,0.5112976,0.586,0.587,0.544,0.556,5.3026398e6,5.3026398e6,2023-06-26
0.5811872,0.616132,0.537966,0.5388856,0.632,0.67,0.585,0.586,6.2640663e6,6.2640663e6,2023-06-25
0.4984232,0.6676296,0.4947448,0.5811872,0.542,0.726,0.538,0.632,3.28097257e7,3.28097257e7,2023-06-24
0.478192,0.5076192,0.473594,0.4984232,0.52,0.552,0.515,0.542,1.7002377e6,1.7002377e6,2023-06-23
0.4892272,0.5030212,0.4763528,0.4772724,0.532,0.547,0.518,0.519,1.3961659e6,1.3961659e6,2023-06-22
0.4542824,0.4947448,0.4515236,0.4883076,0.494,0.538,0.491,0.531,2.3228031e6,2.3228031e6,2023-06-21
0.4441668,0.455202,0.4266944,0.455202,0.483,0.495,0.464,0.495,2.8434209e6,2.8434209e6,2023-06-20
0.446006,0.4515236,0.4395688,0.4432472,0.485,0.491,0.478,0.482,930311.1,930311.1,2023-06-19
0.4524432,0.4570412,0.4423276,0.446006,0.492,0.497,0.481,0.485,976827.3,976827.3,2023-06-18
0.4423276,0.4570412,0.4386492,0.4515236,0.481,0.497,0.477,0.491,1.1054921e6,1.1054921e6,2023-06-17
0.4432472,0.4542824,0.4294532,0.4432472,0.482,0.494,0.467,0.482,5.1553641e6,5.1553641e6,2023-06-16
0.4312924,0.4469256,0.4257748,0.4432472,0.469,0.486,0.463,0.482,2.4606195e6,2.4606195e6,2023-06-15
0.4469256,0.4524432,0.4239356,0.4312924,0.486,0.492,0.461,0.469,1.0979571e6,1.0979571e6,2023-06-14
0.4450864,0.4598,0.441408,0.4469256,0.484,0.5,0.48,0.486,1.1591805e6,1.1591805e6,2023-06-13
0.4450864,0.4469256,0.4303728,0.4450864,0.484,0.486,0.468,0.484,1.3219198e6,1.3219198e6,2023-06-12
0.43681,0.4542824,0.4349708,0.4450864,0.475,0.494,0.473,0.484,1.4677511e6,1.4677511e6,2023-06-11
0.5122172,0.5131368,0.3945084,0.43681,0.557,0.558,0.429,0.475,5.7159933e6,5.7159933e6,2023-06-10
0.5122172,0.5186544,0.50578,0.5122172,0.557,0.564,0.55,0.557,631042.4,631042.4,2023-06-09
0.5122172,0.519574,0.501182,0.5122172,0.557,0.565,0.545,0.557,1.0321813e6,1.0321813e6,2023-06-08
0.5453228,0.547162,0.5066996,0.5131368,0.593,0.595,0.551,0.558,1.9569498e6,1.9569498e6,2023-06-07
0.5223328,0.55176,0.5112976,0.5462424,0.568,0.6,0.556,0.594,1.821844e6,1.821844e6,2023-06-06
0.5765892,0.5811872,0.5048604,0.5223328,0.627,0.632,0.549,0.568,3.1848552e6,3.1848552e6,2023-06-05
0.5710716,0.5857852,0.5683128,0.5775088,0.621,0.637,0.618,0.628,631460.3,631460.3,2023-06-04
0.57475,0.57475,0.565554,0.570152,0.625,0.625,0.615,0.62,795725.0,795725.0,2023-06-03
0.5581972,0.5756696,0.5526796,0.5738304,0.607,0.626,0.601,0.624,829808.1,829808.1,2023-06-02
0.5591168,0.565554,0.5499208,0.5581972,0.608,0.615,0.598,0.607,1.0143449e6,1.0143449e6,2023-06-01
0.5775088,0.579348,0.5526796,0.5591168,0.628,0.63,0.601,0.608,1.8056111e6,1.8056111e6,2023-05-31
0.5756696,0.588544,0.5719912,0.5775088,0.626,0.64,0.622,0.628,1.7248783e6,1.7248783e6,2023-05-30
0.588544,0.5894636,0.570152,0.5756696,0.64,0.641,0.62,0.626,2.064147e6,2.064147e6,2023-05-29
0.5637148,0.59774,0.5627952,0.5876244,0.613,0.65,0.612,0.639,3.3298071e6,3.3298071e6,2023-05-28
0.5572776,0.5664736,0.5554384,0.5646344,0.606,0.616,0.604,0.614,926419.3,926419.3,2023-05-27
0.5499208,0.560956,0.5434836,0.5572776,0.598,0.61,0.591,0.606,1.1395933e6,1.1395933e6,2023-05-26
0.5526796,0.5545188,0.5342876,0.5490012,0.601,0.603,0.581,0.597,1.5561795e6,1.5561795e6,2023-05-25
0.5775088,0.5894636,0.5462424,0.5526796,0.628,0.641,0.594,0.601,2.1835302e6,2.1835302e6,2023-05-24
0.5618756,0.5784284,0.5591168,0.5756696,0.611,0.629,0.608,0.626,1.6228262e6,1.6228262e6,2023-05-23
0.5508404,0.5646344,0.5407248,0.560956,0.599,0.614,0.588,0.61,911507.3,911507.3,2023-05-22
0.5692324,0.570152,0.5480816,0.5508404,0.619,0.62,0.596,0.599,713459.7,713459.7,2023-05-21
0.5719912,0.5738304,0.5637148,0.5692324,0.622,0.624,0.613,0.619,761428.6,761428.6,2023-05-20
0.5683128,0.588544,0.5664736,0.5729108,0.618,0.64,0.616,0.623,1.6596202e6,1.6596202e6,2023-05-19
0.5738304,0.5756696,0.556358,0.5673932,0.624,0.626,0.605,0.617,1.4258094e6,1.4258094e6,2023-05-18
0.556358,0.5765892,0.5453228,0.5729108,0.605,0.627,0.593,0.623,2.0311113e6,2.0311113e6,2023-05-17
0.5581972,0.5618756,0.5490012,0.5554384,0.607,0.611,0.597,0.604,1.7686406e6,1.7686406e6,2023-05-16
0.5526796,0.5664736,0.5453228,0.5572776,0.601,0.616,0.593,0.606,710564.9,710564.9,2023-05-15
0.5490012,0.5572776,0.5416444,0.5535992,0.597,0.606,0.589,0.602,739771.3,739771.3,2023-05-14
0.55176,0.5554384,0.542564,0.5490012,0.6,0.604,0.59,0.597,716265.0,716265.0,2023-05-13
0.5490012,0.5545188,0.524172,0.55176,0.597,0.603,0.57,0.6,1.5347149e6,1.5347149e6,2023-05-12
0.5710716,0.5710716,0.5370464,0.5490012,0.621,0.621,0.584,0.597,1.5642549e6,1.5642549e6,2023-05-11
0.5591168,0.5738304,0.5370464,0.5710716,0.608,0.624,0.584,0.621,1.6210316e6,1.6210316e6,2023-05-10
0.5453228,0.5600364,0.5370464,0.5591168,0.593,0.609,0.584,0.608,1.1834262e6,1.1834262e6,2023-05-09
0.5940616,0.5986596,0.5250916,0.5453228,0.646,0.651,0.571,0.593,2.303559e6,2.303559e6,2023-05-08
0.6078556,0.6096948,0.5913028,0.5949812,0.661,0.663,0.643,0.647,613997.8,613997.8,2023-05-07
0.629926,0.634524,0.5949812,0.6078556,0.685,0.69,0.647,0.661,876919.0,876919.0,2023-05-06
0.611534,0.6308456,0.6078556,0.6290064,0.665,0.686,0.661,0.684,972159.4,972159.4,2023-05-05
0.625328,0.6262476,0.6060164,0.6106144,0.68,0.681,0.659,0.664,1.2935614e6,1.2935614e6,2023-05-04
0.6225692,0.6271672,0.6004988,0.625328,0.677,0.682,0.653,0.68,955853.6,955853.6,2023-05-03
0.6188908,0.6244084,0.6096948,0.6225692,0.673,0.679,0.663,0.677,886047.8,886047.8,2023-05-02
0.6363632,0.6400416,0.6096948,0.6188908,0.692,0.696,0.663,0.673,1.4307884e6,1.4307884e6,2023-05-01
0.6556748,0.6556748,0.634524,0.6363632,0.713,0.713,0.69,0.692,845734.2,845734.2,2023-04-30
0.6464788,0.6648708,0.64372,0.6565944,0.703,0.723,0.7,0.714,1.1550511e6,1.1550511e6,2023-04-29
0.6501572,0.6519964,0.6326848,0.6464788,0.707,0.709,0.688,0.703,1.0524193e6,1.0524193e6,2023-04-28
0.6308456,0.662112,0.6271672,0.6501572,0.686,0.72,0.682,0.707,2.1512417e6,2.1512417e6,2023-04-27
0.64372,0.6676296,0.5986596,0.6317652,0.7,0.726,0.651,0.687,2.343928e6,2.343928e6,2023-04-26
0.6372828,0.6455592,0.6142928,0.64372,0.693,0.702,0.668,0.7,1.4511629e6,1.4511629e6,2023-04-25
0.6418808,0.6519964,0.625328,0.6372828,0.698,0.709,0.68,0.693,1.7272182e6,1.7272182e6,2023-04-24
0.6510768,0.6510768,0.6234888,0.6428004,0.708,0.708,0.678,0.699,1.3385208e6,1.3385208e6,2023-04-23
0.629926,0.6547552,0.6280868,0.6519964,0.685,0.712,0.683,0.709,1.4327677e6,1.4327677e6,2023-04-22
0.648318,0.6593532,0.6225692,0.6290064,0.705,0.717,0.677,0.684,2.5822521e6,2.5822521e6,2023-04-21
0.6547552,0.6860216,0.6290064,0.648318,0.712,0.746,0.684,0.705,8.2631437e6,8.2631437e6,2023-04-20
0.7246448,0.7255644,0.64372,0.6556748,0.788,0.789,0.7,0.713,3.2786733e6,3.2786733e6,2023-04-19
0.7062528,0.7338408,0.698896,0.7255644,0.768,0.798,0.76,0.789,1.4240606e6,1.4240606e6,2023-04-18
0.731082,0.7338408,0.6961372,0.7062528,0.795,0.798,0.757,0.768,1.9629643e6,1.9629643e6,2023-04-17
0.721886,0.7365996,0.7090116,0.731082,0.785,0.801,0.771,0.795,1.0314224e6,1.0314224e6,2023-04-16
0.7292428,0.7292428,0.7136096,0.7228056,0.793,0.793,0.776,0.786,1.0284257e6,1.0284257e6,2023-04-15
0.7200468,0.7375192,0.7090116,0.7283232,0.783,0.802,0.771,0.792,1.537615e6,1.537615e6,2023-04-14
0.703494,0.721886,0.694298,0.7209664,0.765,0.785,0.755,0.784,1.2396283e6,1.2396283e6,2023-04-13
0.717288,0.7191272,0.6841824,0.703494,0.78,0.782,0.744,0.765,1.5672762e6,1.5672762e6,2023-04-12
0.7255644,0.7283232,0.7136096,0.717288,0.789,0.792,0.776,0.78,1.3834197e6,1.3834197e6,2023-04-11
0.7200468,0.7292428,0.7007352,0.7255644,0.783,0.793,0.762,0.789,2.0423024e6,2.0423024e6,2023-04-10
0.7577504,0.7789012,0.698896,0.7209664,0.824,0.847,0.76,0.784,2.8773416e6,2.8773416e6,2023-04-09
0.73568,0.7623484,0.7191272,0.7595896,0.8,0.829,0.782,0.826,3.4464124e6,3.4464124e6,2023-04-08
0.7255644,0.73568,0.7016548,0.73568,0.789,0.8,0.763,0.8,2.2855078e6,2.2855078e6,2023-04-07
0.7237252,0.7292428,0.6933784,0.7255644,0.787,0.793,0.754,0.789,3.3125215e6,3.3125215e6,2023-04-06
0.6777452,0.7274036,0.6749864,0.7246448,0.737,0.791,0.734,0.788,4.0115139e6,4.0115139e6,2023-04-05
0.6648708,0.6860216,0.6593532,0.6777452,0.723,0.746,0.717,0.737,1.3848356e6,1.3848356e6,2023-04-04
0.6648708,0.6731472,0.6363632,0.6630316,0.723,0.732,0.692,0.721,2.1202716e6,2.1202716e6,2023-04-03
0.6878608,0.698896,0.6418808,0.6639512,0.748,0.76,0.698,0.722,1.9099517e6,1.9099517e6,2023-04-02
0.671308,0.694298,0.671308,0.6887804,0.73,0.755,0.73,0.749,1.9937603e6,1.9937603e6,2023-04-01
0.6547552,0.6740668,0.6382024,0.671308,0.712,0.733,0.694,0.73,1.4239515e6,1.4239515e6,2023-03-31
0.6814236,0.6915392,0.64372,0.6556748,0.741,0.752,0.7,0.713,2.6227903e6,2.6227903e6,2023-03-30
0.6188908,0.6924588,0.6179712,0.6814236,0.673,0.753,0.672,0.741,5.0772021e6,5.0772021e6,2023-03-29
0.6106144,0.6216496,0.5968204,0.6188908,0.664,0.676,0.649,0.673,1.4712506e6,1.4712506e6,2023-03-28
0.648318,0.6519964,0.5968204,0.6106144,0.705,0.709,0.649,0.664,1.4183218e6,1.4183218e6,2023-03-27
0.6326848,0.652916,0.6271672,0.6473984,0.688,0.71,0.682,0.704,941646.5,941646.5,2023-03-26
0.6372828,0.6418808,0.6188908,0.6317652,0.693,0.698,0.673,0.687,1.3671173e6,1.3671173e6,2023-03-25
0.6648708,0.6657904,0.6280868,0.6372828,0.723,0.724,0.683,0.693,1.5946057e6,1.5946057e6,2023-03-24
0.6400416,0.6740668,0.634524,0.6648708,0.696,0.733,0.69,0.723,1.4662252e6,1.4662252e6,2023-03-23
0.675906,0.6777452,0.6198104,0.639122,0.735,0.737,0.674,0.695,2.4007849e6,2.4007849e6,2023-03-22
0.6602728,0.6869412,0.634524,0.675906,0.718,0.747,0.69,0.735,1.6534324e6,1.6534324e6,2023-03-21
0.6979764,0.7025744,0.6556748,0.6611924,0.759,0.764,0.713,0.719,2.5928066e6,2.5928066e6,2023-03-20
0.6676296,0.7099312,0.6630316,0.6970568,0.726,0.772,0.721,0.758,2.6118366e6,2.6118366e6,2023-03-19
0.6906196,0.7044136,0.6556748,0.66671,0.751,0.766,0.713,0.725,2.7599208e6,2.7599208e6,2023-03-18
0.6317652,0.6924588,0.62073,0.6915392,0.687,0.753,0.675,0.752,2.7280776e6,2.7280776e6,2023-03-17
0.6179712,0.634524,0.6096948,0.6317652,0.672,0.69,0.663,0.687,2.1954646e6,2.1954646e6,2023-03-16
0.6777452,0.6878608,0.602338,0.6179712,0.737,0.748,0.655,0.672,4.1378032e6,4.1378032e6,2023-03-15
0.6492376,0.7025744,0.6290064,0.6777452,0.706,0.764,0.684,0.737,5.1520568e6,5.1520568e6,2023-03-14
0.6060164,0.6593532,0.5857852,0.6492376,0.659,0.717,0.637,0.706,5.0487538e6,5.0487538e6,2023-03-13
0.5499208,0.606936,0.5370464,0.606936,0.598,0.66,0.584,0.66,3.910963e6,3.910963e6,2023-03-12
0.5618756,0.5765892,0.5204936,0.5508404,0.611,0.627,0.566,0.599,7.4702079e6,7.4702079e6,2023-03-11
0.57475,0.5756696,0.5260112,0.560956,0.625,0.626,0.572,0.61,5.9087712e6,5.9087712e6,2023-03-10
0.6106144,0.6418808,0.5646344,0.5738304,0.664,0.698,0.614,0.624,5.1138487e6,5.1138487e6,2023-03-09
0.6676296,0.6694688,0.6078556,0.611534,0.726,0.728,0.661,0.665,4.2386182e6,4.2386182e6,2023-03-08
0.6768256,0.6841824,0.6418808,0.6676296,0.736,0.744,0.698,0.726,3.2440239e6,3.2440239e6,2023-03-07
0.671308,0.6832628,0.6446396,0.6768256,0.73,0.743,0.701,0.736,4.114584e6,4.114584e6,2023-03-06
0.6777452,0.6933784,0.66671,0.6722276,0.737,0.754,0.725,0.731,5.1296613e6,5.1296613e6,2023-03-05
0.7016548,0.7099312,0.657514,0.6777452,0.763,0.772,0.715,0.737,3.7691421e6,3.7691421e6,2023-03-04
0.7577504,0.7577504,0.6694688,0.7016548,0.824,0.824,0.728,0.763,6.1882857e6,6.1882857e6,2023-03-03
0.7991324,0.800052,0.7411976,0.7577504,0.869,0.87,0.806,0.824,3.4199146e6,3.4199146e6,2023-03-02
0.7687856,0.7991324,0.7595896,0.7982128,0.836,0.869,0.826,0.868,3.7931362e6,3.7931362e6,2023-03-01
0.80465,0.8074088,0.7660268,0.767866,0.875,0.878,0.833,0.835,3.7726271e6,3.7726271e6,2023-02-28
0.8423536,0.8441928,0.7871776,0.80465,0.916,0.918,0.856,0.875,3.9803585e6,3.9803585e6,2023-02-27
0.8607456,0.892012,0.8193636,0.8423536,0.936,0.97,0.891,0.916,7.3767888e6,7.3767888e6,2023-02-26
0.795454,0.882816,0.786258,0.8616652,0.865,0.96,0.855,0.937,1.65590517e7,1.65590517e7,2023-02-25
0.7982128,0.8248812,0.763268,0.795454,0.868,0.897,0.83,0.865,5.173558e6,5.173558e6,2023-02-24
0.7972932,0.809248,0.7752228,0.7991324,0.867,0.88,0.843,0.869,2.3418531e6,2.3418531e6,2023-02-23
0.8028108,0.8147656,0.7485544,0.7982128,0.873,0.886,0.814,0.868,3.9144439e6,3.9144439e6,2023-02-22
0.82764,0.8359164,0.7798208,0.8037304,0.9,0.909,0.848,0.874,3.4632067e6,3.4632067e6,2023-02-21
0.8009716,0.8313184,0.7697052,0.8267204,0.871,0.904,0.837,0.899,3.9810316e6,3.9810316e6,2023-02-20
0.7972932,0.82764,0.7697052,0.8009716,0.867,0.9,0.837,0.871,4.8163125e6,4.8163125e6,2023-02-19
0.7807404,0.8083284,0.7733836,0.7972932,0.849,0.879,0.841,0.867,2.1901889e6,2.1901889e6,2023-02-18
0.7384388,0.7871776,0.7365996,0.7807404,0.803,0.856,0.801,0.849,3.1424341e6,3.1424341e6,2023-02-17
0.7844188,0.800052,0.7365996,0.7384388,0.853,0.87,0.801,0.803,4.295699e6,4.295699e6,2023-02-16
0.7237252,0.7853384,0.7090116,0.7834992,0.787,0.854,0.771,0.852,2.7428955e6,2.7428955e6,2023-02-15
0.6952176,0.7255644,0.6731472,0.7228056,0.756,0.789,0.732,0.786,2.6468917e6,2.6468917e6,2023-02-14
0.7274036,0.7301624,0.6648708,0.6933784,0.791,0.794,0.723,0.754,6.4532711e6,6.4532711e6,2023-02-13
0.7503936,0.763268,0.7182076,0.726484,0.816,0.83,0.781,0.79,2.1859223e6,2.1859223e6,2023-02-12
0.7228056,0.7531524,0.717288,0.7513132,0.786,0.819,0.78,0.817,1.7282304e6,1.7282304e6,2023-02-11
0.7320016,0.7421172,0.7136096,0.7237252,0.796,0.807,0.776,0.787,3.3042381e6,3.3042381e6,2023-02-10
0.8469516,0.8487908,0.7117704,0.7320016,0.921,0.923,0.774,0.796,6.6696601e6,6.6696601e6,2023-02-09
0.8451124,0.8635044,0.7982128,0.8469516,0.919,0.939,0.868,0.921,5.0009706e6,5.0009706e6,2023-02-08
0.8064892,0.8478712,0.7880972,0.8451124,0.877,0.922,0.857,0.919,4.5008237e6,4.5008237e6,2023-02-07
0.777062,0.882816,0.777062,0.8055696,0.845,0.96,0.845,0.876,9.5370748e6,9.5370748e6,2023-02-06
0.82764,0.8487908,0.7476348,0.7761424,0.9,0.923,0.813,0.844,7.4150694e6,7.4150694e6,2023-02-05
0.772464,0.8579868,0.7697052,0.8267204,0.84,0.933,0.837,0.899,9.2879146e6,9.2879146e6,2023-02-04
0.7531524,0.7789012,0.749474,0.772464,0.819,0.847,0.815,0.84,4.0119849e6,4.0119849e6,2023-02-03
0.7559112,0.7982128,0.7439564,0.7531524,0.822,0.868,0.809,0.819,7.6615358e6,7.6615358e6,2023-02-02
0.7320016,0.7595896,0.6961372,0.7549916,0.796,0.826,0.757,0.821,6.9325984e6,6.9325984e6,2023-02-01
0.6795844,0.7513132,0.6685492,0.7320016,0.739,0.817,0.727,0.796,9.7310947e6,9.7310947e6,2023-01-31
0.7605092,0.78166,0.6611924,0.6795844,0.827,0.85,0.719,0.739,5.0627903e6,5.0627903e6,2023-01-30
0.7347604,0.767866,0.726484,0.7605092,0.799,0.835,0.79,0.827,1.8020863e6,1.8020863e6,2023-01-29
0.7605092,0.7733836,0.7200468,0.73568,0.827,0.841,0.783,0.8,2.4186151e6,2.4186151e6,2023-01-28
0.7255644,0.7697052,0.6998156,0.7595896,0.789,0.837,0.761,0.826,3.1276305e6,3.1276305e6,2023-01-27
0.7283232,0.754072,0.7044136,0.726484,0.792,0.82,0.766,0.79,2.5696835e6,2.5696835e6,2023-01-26
0.7090116,0.7430368,0.6841824,0.7274036,0.771,0.808,0.744,0.791,3.8541052e6,3.8541052e6,2023-01-25
0.7577504,0.8074088,0.7007352,0.708092,0.824,0.878,0.762,0.77,4.5647798e6,4.5647798e6,2023-01-24
0.754072,0.767866,0.7329212,0.7577504,0.82,0.835,0.797,0.824,3.4515427e6,3.4515427e6,2023-01-23
0.777062,0.7936148,0.7292428,0.754072,0.845,0.863,0.793,0.82,4.257053e6,4.257053e6,2023-01-22
0.7982128,0.8340772,0.7623484,0.777062,0.868,0.907,0.829,0.845,6.6350018e6,6.6350018e6,2023-01-21
0.7393584,0.8129264,0.721886,0.7982128,0.804,0.884,0.785,0.868,8.1901926e6,8.1901926e6,2023-01-20
0.7044136,0.7522328,0.6556748,0.740278,0.766,0.818,0.713,0.805,1.56251021e7,1.56251021e7,2023-01-19
0.671308,0.7301624,0.6152124,0.7044136,0.73,0.794,0.669,0.766,1.18108815e7,1.18108815e7,2023-01-18
0.675906,0.698896,0.6657904,0.6703884,0.735,0.76,0.724,0.729,3.8051988e6,3.8051988e6,2023-01-17
0.6768256,0.708092,0.639122,0.675906,0.736,0.77,0.695,0.735,7.3512163e6,7.3512163e6,2023-01-16
0.6722276,0.7522328,0.6382024,0.6768256,0.731,0.818,0.694,0.736,1.12013656e7,1.12013656e7,2023-01-15
0.5554384,0.7209664,0.5554384,0.6703884,0.604,0.784,0.604,0.729,2.04661774e7,2.04661774e7,2023-01-14
0.5388856,0.5581972,0.5278504,0.5554384,0.586,0.607,0.574,0.604,2.1957269e6,2.1957269e6,2023-01-13
0.5214132,0.5453228,0.5039408,0.5388856,0.567,0.593,0.548,0.586,3.9353539e6,3.9353539e6,2023-01-12
0.5021016,0.5250916,0.4956644,0.5223328,0.546,0.571,0.539,0.568,3.1088423e6,3.1088423e6,2023-01-11
0.4892272,0.5094584,0.4772724,0.5021016,0.532,0.554,0.519,0.546,2.5385463e6,2.5385463e6,2023-01-10
0.4745136,0.5076192,0.4699156,0.4892272,0.516,0.552,0.511,0.532,2.890703e6,2.890703e6,2023-01-09
0.4607196,0.4763528,0.4524432,0.473594,0.501,0.518,0.492,0.515,1.4655546e6,1.4655546e6,2023-01-08
0.4542824,0.4634784,0.4542824,0.4607196,0.494,0.504,0.494,0.501,1.234428e6,1.234428e6,2023-01-07
0.4450864,0.4570412,0.4331316,0.4542824,0.484,0.497,0.471,0.494,1.4954907e6,1.4954907e6,2023-01-06
0.4496844,0.4542824,0.4395688,0.4441668,0.489,0.494,0.478,0.483,1.3638665e6,1.3638665e6,2023-01-05
0.432212,0.4533628,0.4294532,0.4496844,0.47,0.493,0.467,0.489,2.8444035e6,2.8444035e6,2023-01-04
0.4303728,0.43681,0.4257748,0.432212,0.468,0.475,0.463,0.47,1.1729866e6,1.1729866e6,2023-01-03
0.4202572,0.43681,0.4119808,0.4303728,0.457,0.475,0.448,0.468,1.3900109e6,1.3900109e6,2023-01-02
0.4193376,0.4239356,0.4110612,0.4202572,0.456,0.461,0.447,0.457,795237.6,795237.6,2023-01-01
0.4202572,0.4220964,0.4110612,0.4193376,0.457,0.459,0.447,0.456,2.0871751e6,2.0871751e6,2022-12-31
0.4423276,0.4441668,0.4165788,0.4211768,0.481,0.483,0.453,0.458,1.8955117e6,1.8955117e6,2022-12-30
0.4616392,0.4708352,0.4349708,0.4423276,0.502,0.512,0.473,0.481,2.6291363e6,2.6291363e6,2022-12-29
0.48279,0.4837096,0.4579608,0.4616392,0.525,0.526,0.498,0.502,1.3571124e6,1.3571124e6,2022-12-28
0.4892272,0.4947448,0.4754332,0.48279,0.532,0.538,0.517,0.525,856715.6,856715.6,2022-12-27
0.4864684,0.4901468,0.4818704,0.4883076,0.529,0.533,0.524,0.531,638288.2,638288.2,2022-12-26
0.487388,0.4929056,0.4772724,0.4864684,0.53,0.536,0.519,0.529,966051.8,966051.8,2022-12-25
0.4855488,0.4910664,0.4837096,0.4864684,0.528,0.534,0.526,0.529,616698.4,616698.4,2022-12-24
0.4837096,0.487388,0.4800312,0.4846292,0.526,0.53,0.522,0.527,592382.9,592382.9,2022-12-23
0.48279,0.487388,0.4671568,0.48279,0.525,0.53,0.508,0.525,1.1704689e6,1.1704689e6,2022-12-22
0.4929056,0.4929056,0.4754332,0.48279,0.536,0.536,0.517,0.525,930655.9,930655.9,2022-12-21
0.4625588,0.4956644,0.4598,0.4929056,0.503,0.539,0.5,0.536,1.8150745e6,1.8150745e6,2022-12-20
0.4883076,0.4947448,0.455202,0.4625588,0.531,0.538,0.495,0.503,2.0501405e6,2.0501405e6,2022-12-19
0.4984232,0.4984232,0.48279,0.4883076,0.542,0.542,0.525,0.531,901625.8,901625.8,2022-12-18
0.4938252,0.5076192,0.4772724,0.4975036,0.537,0.552,0.519,0.541,1.9613237e6,1.9613237e6,2022-12-17
0.5591168,0.5692324,0.48279,0.4947448,0.608,0.619,0.525,0.538,3.7853523e6,3.7853523e6,2022-12-16
0.5729108,0.5738304,0.5554384,0.5591168,0.623,0.624,0.604,0.608,1.186074e6,1.186074e6,2022-12-15
0.5894636,0.59774,0.5673932,0.5719912,0.641,0.65,0.617,0.622,1.9995018e6,1.9995018e6,2022-12-14
0.5738304,0.5903832,0.5462424,0.5894636,0.624,0.642,0.594,0.641,3.0717924e6,3.0717924e6,2022-12-13
0.588544,0.5894636,0.5535992,0.5729108,0.64,0.641,0.602,0.623,1.7120356e6,1.7120356e6,2022-12-12
0.5830264,0.6050968,0.5830264,0.588544,0.634,0.658,0.634,0.64,3.6614245e6,3.6614245e6,2022-12-11
0.57475,0.5857852,0.5738304,0.5830264,0.625,0.637,0.624,0.634,1.5586484e6,1.5586484e6,2022-12-10
0.583946,0.5857852,0.5719912,0.5756696,0.635,0.637,0.622,0.626,1.8082843e6,1.8082843e6,2022-12-09
0.5729108,0.5857852,0.5600364,0.583946,0.623,0.637,0.609,0.635,2.6962691e6,2.6962691e6,2022-12-08
0.6198104,0.6198104,0.5664736,0.5729108,0.674,0.674,0.616,0.623,7.4668027e6,7.4668027e6,2022-12-07
0.5922224,0.6317652,0.5922224,0.6198104,0.644,0.687,0.644,0.674,5.9958632e6,5.9958632e6,2022-12-06
0.6032576,0.6152124,0.5903832,0.5922224,0.656,0.669,0.642,0.644,2.5744884e6,2.5744884e6,2022-12-05
0.5848656,0.6124536,0.583946,0.6041772,0.636,0.666,0.635,0.657,4.2058878e6,4.2058878e6,2022-12-04
0.6142928,0.6152124,0.5729108,0.5857852,0.668,0.669,0.623,0.637,3.6403886e6,3.6403886e6,2022-12-03
0.62073,0.6271672,0.5986596,0.6142928,0.675,0.682,0.651,0.668,5.0091211e6,5.0091211e6,2022-12-02
0.6565944,0.6602728,0.6124536,0.6198104,0.714,0.718,0.666,0.674,6.3812173e6,6.3812173e6,2022-12-01
0.5719912,0.6897,0.5719912,0.657514,0.622,0.75,0.622,0.715,1.90854912e7,1.90854912e7,2022-11-30
0.5683128,0.5830264,0.5581972,0.5710716,0.618,0.634,0.607,0.621,2.2844458e6,2.2844458e6,2022-11-29
0.5913028,0.634524,0.5554384,0.5692324,0.643,0.69,0.604,0.619,5.683e6,5.683e6,2022-11-28
0.579348,0.611534,0.5729108,0.5913028,0.63,0.665,0.623,0.643,4.0850165e6,4.0850165e6,2022-11-27
0.5683128,0.6087752,0.5646344,0.579348,0.618,0.662,0.614,0.63,6.3151208e6,6.3151208e6,2022-11-26
0.5729108,0.5729108,0.55176,0.5673932,0.623,0.623,0.6,0.617,1.5307135e6,1.5307135e6,2022-11-25
0.5830264,0.593142,0.5526796,0.5729108,0.634,0.645,0.601,0.623,3.0669116e6,3.0669116e6,2022-11-24
0.5232524,0.5876244,0.5214132,0.583946,0.569,0.639,0.567,0.635,4.3283313e6,4.3283313e6,2022-11-23
0.5085388,0.524172,0.487388,0.5232524,0.553,0.57,0.53,0.569,3.4903464e6,3.4903464e6,2022-11-22
0.5306092,0.537966,0.496584,0.5094584,0.577,0.585,0.54,0.554,3.8686245e6,3.8686245e6,2022-11-21
0.5646344,0.6032576,0.5296896,0.5306092,0.614,0.656,0.576,0.577,9.3965201e6,9.3965201e6,2022-11-20
0.55176,0.5683128,0.5370464,0.5646344,0.6,0.618,0.584,0.614,1.979109e6,1.979109e6,2022-11-19
0.5600364,0.5683128,0.5434836,0.55176,0.609,0.618,0.591,0.6,2.1618754e6,2.1618754e6,2022-11-18
0.565554,0.5775088,0.55176,0.5600364,0.615,0.628,0.6,0.609,2.4977665e6,2.4977665e6,2022-11-17
0.5710716,0.588544,0.5480816,0.565554,0.621,0.64,0.596,0.615,3.650656e6,3.650656e6,2022-11-16
0.537966,0.5995792,0.5352072,0.5710716,0.585,0.652,0.582,0.621,7.4208215e6,7.4208215e6,2022-11-15
0.533368,0.5398052,0.491986,0.537966,0.58,0.587,0.535,0.585,3.7929472e6,3.7929472e6,2022-11-14
0.5278504,0.5637148,0.5112976,0.5342876,0.574,0.613,0.556,0.581,6.0966329e6,6.0966329e6,2022-11-13
0.5765892,0.5784284,0.5204936,0.5269308,0.627,0.629,0.566,0.573,3.177357e6,3.177357e6,2022-11-12
0.5867048,0.5995792,0.5260112,0.5765892,0.638,0.652,0.572,0.627,6.019088e6,6.019088e6,2022-11-11
0.4671568,0.5968204,0.4598,0.5876244,0.508,0.649,0.5,0.639,8.3821598e6,8.3821598e6,2022-11-10
0.6400416,0.64372,0.455202,0.468996,0.696,0.7,0.495,0.51,9.8796021e6,9.8796021e6,2022-11-09
0.8083284,0.8129264,0.52877,0.6409612,0.879,0.884,0.575,0.697,9.4986649e6,9.4986649e6,2022-11-08
0.813846,0.8258008,0.7936148,0.8074088,0.885,0.898,0.863,0.878,3.1863888e6,3.1863888e6,2022-11-07
0.8791376,0.8846552,0.8120068,0.813846,0.956,0.962,0.883,0.885,3.5434439e6,3.5434439e6,2022-11-06
0.8754592,0.8993688,0.8607456,0.8800572,0.952,0.978,0.936,0.957,4.081493e6,4.081493e6,2022-11-05
0.8055696,0.8763788,0.800052,0.8754592,0.876,0.953,0.87,0.952,4.0299888e6,4.0299888e6,2022-11-04
0.7926952,0.8248812,0.790856,0.8055696,0.862,0.897,0.86,0.876,2.3940751e6,2.3940751e6,2022-11-03
0.8258008,0.8423536,0.7779816,0.7926952,0.898,0.916,0.846,0.862,6.6457449e6,6.6457449e6,2022-11-02
0.8377556,0.8533888,0.8202832,0.82764,0.911,0.928,0.892,0.9,1.4840903e6,1.4840903e6,2022-11-01
0.8533888,0.8589064,0.8239616,0.836836,0.928,0.934,0.896,0.91,2.1387737e6,2.1387737e6,2022-10-31
0.8451124,0.9002884,0.8359164,0.8533888,0.919,0.979,0.909,0.928,4.9033768e6,4.9033768e6,2022-10-30
0.8303988,0.8662632,0.8303988,0.8441928,0.903,0.942,0.903,0.918,3.1467442e6,3.1467442e6,2022-10-29
0.8202832,0.8395948,0.7963736,0.8313184,0.892,0.913,0.866,0.904,2.4970158e6,2.4970158e6,2022-10-28
0.8497104,0.8681024,0.8193636,0.8212028,0.924,0.944,0.891,0.893,4.4060798e6,4.4060798e6,2022-10-27
0.8028108,0.8515496,0.8028108,0.8497104,0.873,0.926,0.873,0.924,3.92119e6,3.92119e6,2022-10-26
0.772464,0.8212028,0.767866,0.8028108,0.84,0.893,0.835,0.873,3.0418276e6,3.0418276e6,2022-10-25
0.790856,0.8028108,0.7641876,0.7715444,0.86,0.873,0.831,0.839,1.8761326e6,1.8761326e6,2022-10-24
0.777062,0.7945344,0.7568308,0.7899364,0.845,0.864,0.823,0.859,1.5053501e6,1.5053501e6,2022-10-23
0.7807404,0.7844188,0.7660268,0.777062,0.849,0.853,0.833,0.845,1.1537567e6,1.1537567e6,2022-10-22
0.7853384,0.7871776,0.7384388,0.78166,0.854,0.856,0.803,0.85,1.8065657e6,1.8065657e6,2022-10-21
0.800052,0.8193636,0.7733836,0.786258,0.87,0.891,0.841,0.855,1.6221297e6,1.6221297e6,2022-10-20
0.8533888,0.8570672,0.7936148,0.8009716,0.928,0.932,0.863,0.871,2.1465898e6,2.1465898e6,2022-10-19
0.8754592,0.8791376,0.8395948,0.8533888,0.952,0.956,0.913,0.928,2.1290862e6,2.1290862e6,2022-10-18
0.8579868,0.878218,0.8469516,0.8754592,0.933,0.955,0.921,0.952,4.3380724e6,4.3380724e6,2022-10-17
0.8451124,0.8883336,0.8432732,0.8589064,0.919,0.966,0.917,0.934,5.9625914e6,5.9625914e6,2022-10-16
0.85063,0.9278764,0.8340772,0.8451124,0.925,1.009,0.907,0.919,7.0089285e6,7.0089285e6,2022-10-15
0.8846552,0.9039668,0.841434,0.8497104,0.962,0.983,0.915,0.924,4.6927453e6,4.6927453e6,2022-10-14
0.9416704,0.94259,0.8074088,0.8846552,1.024,1.025,0.878,0.962,5.312526033e6,5.312526033e6,2022-10-13
0.9389116,0.9527056,0.9251176,0.9416704,1.021,1.036,1.006,1.024,849582.9,849582.9,2022-10-12
0.9646604,0.96558,0.9315548,0.9389116,1.049,1.05,1.013,1.021,1.7310984e6,1.7310984e6,2022-10-11
1.0409872,1.0511028,0.933394,0.96558,1.132,1.143,1.015,1.05,2.0445205e6,2.0445205e6,2022-10-10
1.0336304,1.0465048,1.0327108,1.0409872,1.124,1.138,1.123,1.132,652247.7,652247.7,2022-10-09
1.0400676,1.0492636,1.0271932,1.0336304,1.131,1.141,1.117,1.124,605459.0,605459.0,2022-10-08
1.0511028,1.0557008,1.025354,1.0400676,1.143,1.148,1.115,1.131,1.3727272e6,1.3727272e6,2022-10-07
1.05754,1.0777712,1.0336304,1.0511028,1.15,1.172,1.124,1.143,3.2083436e6,3.2083436e6,2022-10-06
1.0630576,1.0658164,1.0327108,1.0566204,1.156,1.159,1.123,1.149,2.1315833e6,2.1315833e6,2022-10-05
1.0520224,1.0704144,1.0409872,1.0639772,1.144,1.164,1.132,1.157,1.7502677e6,1.7502677e6,2022-10-04
1.0290324,1.0557008,1.0152384,1.0501832,1.119,1.148,1.104,1.142,2.0081023e6,2.0081023e6,2022-10-03
1.0768516,1.0906456,1.0235148,1.0290324,1.171,1.186,1.113,1.119,2.2273924e6,2.2273924e6,2022-10-02
1.0878868,1.0980024,1.062138,1.0768516,1.183,1.194,1.155,1.171,1.5511841e6,1.5511841e6,2022-10-01
1.05754,1.1016808,1.0520224,1.0878868,1.15,1.198,1.144,1.183,3.6516038e6,3.6516038e6,2022-09-30
1.0446656,1.05754,1.0216756,1.0566204,1.136,1.15,1.111,1.149,2.2996769e6,2.2996769e6,2022-09-29
1.0566204,1.0584596,1.0014444,1.0446656,1.149,1.151,1.089,1.136,2.699615e6,2.699615e6,2022-09-28
1.0750124,1.112716,1.0327108,1.05754,1.169,1.21,1.123,1.15,4.6157565e6,4.6157565e6,2022-09-27
1.0694948,1.0786908,1.0317912,1.075932,1.163,1.173,1.122,1.17,4.0357718e6,4.0357718e6,2022-09-26
1.0998416,1.1228316,1.0566204,1.0694948,1.196,1.221,1.149,1.163,3.1669223e6,3.1669223e6,2022-09-25
1.1228316,1.1292688,1.0924848,1.0998416,1.221,1.228,1.188,1.196,3.6134938e6,3.6134938e6,2022-09-24
1.1568568,1.1734096,1.0750124,1.121912,1.258,1.276,1.169,1.22,6.1853106e6,6.1853106e6,2022-09-23
1.1163944,1.1651332,1.1154748,1.1568568,1.214,1.267,1.213,1.258,4.5596505e6,4.5596505e6,2022-09-22
1.1982388,1.2387012,1.0980024,1.117314,1.303,1.347,1.194,1.215,6.3354347e6,6.3354347e6,2022-09-21
1.2975556,1.2993948,1.186284,1.1991584,1.411,1.413,1.29,1.304,6.5364451e6,6.5364451e6,2022-09-20
1.3251436,1.3389376,1.209274,1.2984752,1.441,1.456,1.315,1.412,1.38256435e7,1.38256435e7,2022-09-19
1.7527576,1.7775868,1.154098,1.3260632,1.906,1.933,1.255,1.442,3.94141806e7,3.94141806e7,2022-09-18
1.738044,1.834602,1.7279284,1.7527576,1.89,1.995,1.879,1.906,3.5061489e6,3.5061489e6,2022-09-17
1.8401196,1.8879388,1.7224108,1.7389636,2.001,2.053,1.873,1.891,4.687945e6,4.687945e6,2022-09-16
1.7803456,1.894376,1.7224108,1.8401196,1.936,2.06,1.873,2.001,4.8970821e6,4.8970821e6,2022-09-15
1.8005768,1.8511548,1.7214912,1.7812652,1.958,2.013,1.872,1.937,3.9710061e6,3.9710061e6,2022-09-14
1.7591948,1.843798,1.6773504,1.7987376,1.913,2.005,1.824,1.956,5.8925282e6,5.8925282e6,2022-09-13
1.8456372,1.8603508,1.742642,1.7591948,2.007,2.023,1.895,1.913,3.5996216e6,3.5996216e6,2022-09-12
1.8842604,1.9238032,1.7987376,1.8456372,2.049,2.092,1.956,2.007,3.9425414e6,3.9425414e6,2022-09-11
1.6948228,1.9182856,1.687466,1.8833408,1.843,2.086,1.835,2.048,5.0582696e6,5.0582696e6,2022-09-10
1.6304508,1.7325264,1.6221744,1.6948228,1.773,1.884,1.764,1.843,2.5432391e6,2.5432391e6,2022-09-09
1.604702,1.65528,1.5872296,1.6295312,1.745,1.8,1.726,1.772,2.1215981e6,2.1215981e6,2022-09-08
1.5440084,1.6083804,1.5329732,1.604702,1.679,1.749,1.667,1.745,3.7626217e6,3.7626217e6,2022-09-07
1.5348124,1.5945864,1.5191792,1.5430888,1.669,1.734,1.652,1.678,2.943813e6,2.943813e6,2022-09-06
1.5513652,1.558722,1.5026264,1.5329732,1.687,1.695,1.634,1.667,1.1933166e6,1.1933166e6,2022-09-05
1.5669984,1.5752748,1.5320536,1.5513652,1.704,1.713,1.666,1.687,1.2054733e6,1.2054733e6,2022-09-04
1.6516016,1.6525212,1.5568828,1.5669984,1.796,1.797,1.693,1.704,1.4110585e6,1.4110585e6,2022-09-03
1.6378076,1.673672,1.6028628,1.6525212,1.781,1.82,1.743,1.797,2.1110088e6,2.1110088e6,2022-09-02
1.5881492,1.6433252,1.5430888,1.6378076,1.727,1.787,1.678,1.781,5.5566844e6,5.5566844e6,2022-09-01
1.590908,1.6212548,1.572516,1.5890688,1.73,1.763,1.71,1.728,4.8760342e6,4.8760342e6,2022-08-31
1.572516,1.6341292,1.5191792,1.590908,1.71,1.777,1.652,1.73,2.7947706e6,2.7947706e6,2022-08-30
1.5338928,1.5789532,1.4934304,1.5734356,1.668,1.717,1.624,1.711,4.4623293e6,4.4623293e6,2022-08-29
1.6387272,1.65528,1.526536,1.5320536,1.782,1.8,1.66,1.666,3.806836e6,3.806836e6,2022-08-28
1.5853904,1.682868,1.549526,1.6378076,1.724,1.83,1.685,1.781,5.4262638e6,5.4262638e6,2022-08-27
1.664476,1.6672348,1.5614808,1.58631,1.81,1.813,1.698,1.725,3.9516182e6,3.9516182e6,2022-08-26
1.70126,1.7371244,1.6313704,1.6653956,1.85,1.889,1.774,1.811,2.811621e6,2.811621e6,2022-08-25
1.756436,1.8171296,1.6847072,1.70126,1.91,1.976,1.832,1.85,3.9216019e6,3.9216019e6,2022-08-24
1.7729888,1.7941396,1.673672,1.7545968,1.928,1.951,1.82,1.908,3.8714995e6,3.8714995e6,2022-08-23
1.6470036,1.807014,1.6304508,1.7720692,1.791,1.965,1.773,1.927,8.6523124e6,8.6523124e6,2022-08-22
1.6433252,1.6709132,1.5780336,1.646084,1.787,1.817,1.716,1.79,3.8384318e6,3.8384318e6,2022-08-21
1.6405664,1.6727524,1.5706768,1.6433252,1.784,1.819,1.708,1.787,5.8957269e6,5.8957269e6,2022-08-20
1.6194156,1.70126,1.5246968,1.6405664,1.761,1.85,1.658,1.784,1.47711793e7,1.47711793e7,2022-08-19
1.5697572,1.65528,1.4915912,1.6212548,1.707,1.8,1.622,1.763,6.620767e6,6.620767e6,2022-08-18
1.5026264,1.5835512,1.420782,1.5697572,1.634,1.722,1.545,1.707,4.1007611e6,4.1007611e6,2022-08-17
1.535732,1.5412496,1.4686012,1.5026264,1.67,1.676,1.597,1.634,1.7999064e6,1.7999064e6,2022-08-16
1.5155008,1.6359684,1.5007872,1.535732,1.648,1.779,1.632,1.67,3.7719837e6,3.7719837e6,2022-08-15
1.5651592,1.5927472,1.5026264,1.5155008,1.702,1.732,1.634,1.648,2.1372958e6,2.1372958e6,2022-08-14
1.5486064,1.5991844,1.5375712,1.5651592,1.684,1.739,1.672,1.702,2.1905819e6,2.1905819e6,2022-08-13
1.531134,1.558722,1.4915912,1.5486064,1.665,1.695,1.622,1.684,1.5160163e6,1.5160163e6,2022-08-12
1.4906716,1.6194156,1.489752,1.531134,1.621,1.761,1.62,1.665,5.681842e6,5.681842e6,2022-08-11
1.4051488,1.4934304,1.292038,1.4906716,1.528,1.624,1.405,1.621,2.7981668e6,2.7981668e6,2022-08-10
1.4823952,1.508144,1.3711236,1.4051488,1.612,1.64,1.491,1.528,2.106076e6,2.106076e6,2022-08-09
1.4502092,1.4998676,1.4428524,1.4814756,1.577,1.631,1.569,1.611,2.1000879e6,2.1000879e6,2022-08-08
1.4336564,1.4594052,1.406988,1.4511288,1.559,1.587,1.53,1.578,1.158299e6,1.158299e6,2022-08-07
1.4777972,1.4860736,1.4281388,1.4336564,1.607,1.616,1.553,1.559,1.4712309e6,1.4712309e6,2022-08-06
1.3849176,1.4915912,1.374802,1.4777972,1.506,1.622,1.495,1.607,3.4372069e6,3.4372069e6,2022-08-05
1.342616,1.4042292,1.3389376,1.3849176,1.46,1.527,1.456,1.506,2.5498875e6,2.5498875e6,2022-08-04
1.3711236,1.3987116,1.3260632,1.3435356,1.491,1.521,1.442,1.461,2.9278897e6,2.9278897e6,2022-08-03
1.4465308,1.5044656,1.3490532,1.3711236,1.573,1.636,1.467,1.491,3.2451974e6,3.2451974e6,2022-08-02
1.4217016,1.4842344,1.3904352,1.4465308,1.546,1.614,1.512,1.573,2.4879177e6,2.4879177e6,2022-08-01
1.4612444,1.498948,1.393194,1.4217016,1.589,1.63,1.515,1.546,2.5026659e6,2.5026659e6,2022-07-31
1.4860736,1.5881492,1.4419328,1.4612444,1.616,1.727,1.568,1.589,5.5143586e6,5.5143586e6,2022-07-30
1.3821588,1.5348124,1.365606,1.4860736,1.503,1.669,1.485,1.616,5.1185198e6,5.1185198e6,2022-07-29
1.3260632,1.3959528,1.2911184,1.3812392,1.442,1.518,1.404,1.502,3.8114153e6,3.8114153e6,2022-07-28
1.24146,1.3269828,1.2074348,1.3251436,1.35,1.443,1.313,1.441,1.9641281e6,1.9641281e6,2022-07-27
1.204676,1.2451384,1.1826056,1.24146,1.31,1.354,1.286,1.35,2.4354806e6,2.4354806e6,2022-07-26
1.3030732,1.374802,1.200078,1.204676,1.417,1.495,1.305,1.31,5.9010525e6,5.9010525e6,2022-07-25
1.3113496,1.3481336,1.2975556,1.3039928,1.426,1.466,1.411,1.418,1.2305666e6,1.2305666e6,2022-07-24
1.292038,1.351812,1.2662892,1.3122692,1.405,1.47,1.377,1.427,1.9217346e6,1.9217346e6,2022-07-23
1.3536512,1.3738824,1.2773244,1.2901988,1.472,1.494,1.389,1.403,1.8915081e6,1.8915081e6,2022-07-22
1.319626,1.3619276,1.2515756,1.3527316,1.435,1.481,1.361,1.471,2.2754402e6,2.2754402e6,2022-07-21
1.3941136,1.4548072,1.3049124,1.3187064,1.516,1.582,1.419,1.434,4.366714e6,4.366714e6,2022-07-20
1.3306612,1.4998676,1.3187064,1.3950332,1.447,1.631,1.434,1.517,7.2367286e6,7.2367286e6,2022-07-19
1.2478972,1.3508924,1.246058,1.3306612,1.357,1.469,1.355,1.447,3.2002972e6,3.2002972e6,2022-07-18
1.2938772,1.3067516,1.2405404,1.246058,1.407,1.421,1.349,1.355,1.9841596e6,1.9841596e6,2022-07-17
1.3030732,1.3076712,1.2239876,1.2938772,1.417,1.422,1.331,1.407,2.7007735e6,2.7007735e6,2022-07-16
1.2157112,1.3398572,1.2157112,1.3021536,1.322,1.457,1.322,1.416,5.5833358e6,5.5833358e6,2022-07-15
1.1826056,1.223068,1.1274296,1.2166308,1.286,1.33,1.226,1.323,1.8301327e6,1.8301327e6,2022-07-14
1.098922,1.1899624,1.0777712,1.1844448,1.195,1.294,1.172,1.288,2.8067216e6,2.8067216e6,2022-07-13
1.1366256,1.1522588,1.0961632,1.098922,1.236,1.253,1.192,1.195,1.0859442e6,1.0859442e6,2022-07-12
1.2111132,1.2120328,1.1301884,1.1384648,1.317,1.318,1.229,1.238,2.0533483e6,2.0533483e6,2022-07-11
1.2800832,1.2810028,1.2037564,1.2111132,1.392,1.393,1.309,1.317,1.2128818e6,1.2128818e6,2022-07-10
1.2672088,1.3085908,1.2616912,1.2800832,1.378,1.423,1.372,1.392,1.5323648e6,1.5323648e6,2022-07-09
1.2957164,1.319626,1.246058,1.2672088,1.409,1.435,1.355,1.378,2.1942636e6,2.1942636e6,2022-07-08
1.278244,1.3049124,1.2478972,1.2957164,1.39,1.419,1.357,1.409,2.1246983e6,2.1246983e6,2022-07-07
1.26445,1.3177868,1.236862,1.2791636,1.375,1.433,1.345,1.391,6.0122715e6,6.0122715e6,2022-07-06
1.190882,1.2901988,1.1255904,1.26445,1.295,1.403,1.224,1.375,6.4114588e6,6.4114588e6,2022-07-05
1.1384648,1.2028368,1.1145552,1.1899624,1.238,1.308,1.212,1.294,1.6126183e6,1.6126183e6,2022-07-04
1.1522588,1.1577764,1.1062788,1.1393844,1.253,1.259,1.203,1.239,1.4010962e6,1.4010962e6,2022-07-03
1.1347864,1.1642136,1.108118,1.1522588,1.234,1.266,1.205,1.253,1.5713001e6,1.5713001e6,2022-07-02
1.1623744,1.190882,1.1016808,1.1347864,1.264,1.295,1.198,1.234,2.7321487e6,2.7321487e6,2022-07-01
1.2037564,1.209274,1.08053,1.1614548,1.309,1.315,1.175,1.263,2.6502527e6,2.6502527e6,2022-06-30
1.2359424,1.2672088,1.1743292,1.2028368,1.344,1.378,1.277,1.308,2.0453772e6,2.0453772e6,2022-06-29
1.2957164,1.374802,1.2267464,1.2359424,1.409,1.495,1.334,1.344,3.1488298e6,3.1488298e6,2022-06-28
1.28744,1.3738824,1.2635304,1.2957164,1.4,1.494,1.374,1.409,2.4947801e6,2.4947801e6,2022-06-27
1.397792,1.420782,1.282842,1.2883596,1.52,1.545,1.395,1.401,3.7581037e6,3.7581037e6,2022-06-26
1.342616,1.4060684,1.2892792,1.3968724,1.46,1.529,1.402,1.519,4.8621052e6,4.8621052e6,2022-06-25
1.2856008,1.374802,1.2754852,1.3407768,1.398,1.495,1.387,1.458,4.3011328e6,4.3011328e6,2022-06-24
1.2083544,1.305832,1.2055956,1.2837616,1.314,1.42,1.311,1.396,3.6304207e6,3.6304207e6,2022-06-23
1.2626108,1.269048,1.1688116,1.2074348,1.373,1.38,1.271,1.313,3.4664907e6,3.4664907e6,2022-06-22
1.209274,1.3490532,1.17249,1.2626108,1.315,1.467,1.275,1.373,6.8616409e6,6.8616409e6,2022-06-21
1.2055956,1.2258268,1.1228316,1.2083544,1.311,1.333,1.221,1.314,3.5991939e6,3.5991939e6,2022-06-20
1.1485804,1.223068,1.0639772,1.2065152,1.249,1.33,1.157,1.312,4.3871714e6,4.3871714e6,2022-06-19
1.2635304,1.2727264,1.0373088,1.1504196,1.374,1.384,1.128,1.251,4.5934489e6,4.5934489e6,2022-06-18
1.2497364,1.3122692,1.2258268,1.2626108,1.359,1.427,1.333,1.373,2.800252e6,2.800252e6,2022-06-17
1.4014704,1.434576,1.213872,1.2497364,1.524,1.56,1.32,1.359,4.7357788e6,4.7357788e6,2022-06-16
1.2377816,1.4152644,1.1789272,1.4033096,1.346,1.539,1.282,1.526,1.42192335e7,1.42192335e7,2022-06-15
1.1375452,1.2773244,1.020756,1.2377816,1.237,1.389,1.11,1.346,7.158916e6,7.158916e6,2022-06-14
1.3187064,1.3389376,1.0750124,1.1393844,1.434,1.456,1.169,1.239,8.2003833e6,8.2003833e6,2022-06-13
1.5155008,1.5274556,1.3168672,1.319626,1.648,1.661,1.432,1.435,3.9263576e6,3.9263576e6,2022-06-12
1.6295312,1.6699936,1.452968,1.51734,1.772,1.816,1.58,1.65,2.9425914e6,2.9425914e6,2022-06-11
1.7389636,1.74724,1.5964256,1.6304508,1.891,1.9,1.736,1.773,2.5438598e6,2.5438598e6,2022-06-10
1.7178128,1.751838,1.6939032,1.7371244,1.868,1.905,1.842,1.889,1.4570519e6,1.4570519e6,2022-06-09
1.7389636,1.8106924,1.6975816,1.7178128,1.891,1.969,1.846,1.868,2.8712108e6,2.8712108e6,2022-06-08
1.8106924,1.8125316,1.659878,1.7398832,1.969,1.971,1.805,1.892,2.7642391e6,2.7642391e6,2022-06-07
1.7582752,1.8998936,1.7343656,1.811612,1.912,2.066,1.886,1.97,3.6674644e6,3.6674644e6,2022-06-06
1.7536772,1.8217276,1.7122952,1.7619536,1.907,1.981,1.862,1.916,2.4064034e6,2.4064034e6,2022-06-05
1.7573556,1.7849436,1.6902248,1.7536772,1.911,1.941,1.838,1.907,1.7973713e6,1.7973713e6,2022-06-04
1.8631096,1.866788,1.696662,1.7582752,2.026,2.03,1.845,1.912,2.6950319e6,2.6950319e6,2022-06-03
1.8336824,1.8998936,1.7417224,1.8631096,1.994,2.066,1.894,2.026,3.5575629e6,3.5575629e6,2022-06-02
2.0102456,2.1022056,1.7619536,1.834602,2.186,2.286,1.916,1.995,7.3053211e6,7.3053211e6,2022-06-01
2.050708,2.2787688,1.9477128,2.0111652,2.23,2.478,2.118,2.187,1.03628926e7,1.03628926e7,2022-05-31
1.7545968,2.1343916,1.7132148,2.050708,1.908,2.321,1.863,2.23,1.25133618e7,1.25133618e7,2022-05-30
1.7628732,1.779426,1.6516016,1.7536772,1.917,1.935,1.796,1.907,3.8900223e6,3.8900223e6,2022-05-29
1.6607976,1.8189688,1.6479232,1.7619536,1.806,1.978,1.792,1.916,5.5168002e6,5.5168002e6,2022-05-28
1.7665516,1.7867828,1.6111392,1.6580388,1.921,1.943,1.752,1.803,8.7152492e6,8.7152492e6,2022-05-27
1.9734616,1.97714,1.6801092,1.7665516,2.146,2.15,1.827,1.921,1.09402459e7,1.09402459e7,2022-05-26
1.9762204,2.1297936,1.8631096,1.9734616,2.149,2.316,2.026,2.146,8.6165437e6,8.6165437e6,2022-05-25
2.0359944,2.0635824,1.8143708,1.9762204,2.214,2.244,1.973,2.149,1.05732832e7,1.05732832e7,2022-05-24
2.3698092,2.372568,1.9615068,2.036914,2.577,2.58,2.133,2.215,1.1856064e7,1.1856064e7,2022-05-23
2.36797,2.4608496,2.3045176,2.3698092,2.575,2.676,2.506,2.577,8.1589183e6,8.1589183e6,2022-05-22
2.39096,2.4544124,2.2594572,2.3698092,2.6,2.669,2.457,2.577,9.6560279e6,9.6560279e6,2022-05-21
2.4498144,2.6236188,2.2383064,2.3891208,2.664,2.853,2.434,2.598,2.28956299e7,2.28956299e7,2022-05-20
2.0267984,2.48292,1.8336824,2.4488948,2.204,2.7,1.994,2.663,1.99598337e7,1.99598337e7,2022-05-19
1.9569088,2.1619796,1.8189688,2.027718,2.128,2.351,1.978,2.205,2.66474907e7,2.66474907e7,2022-05-18
1.4152644,1.990934,1.4088272,1.9559892,1.539,2.165,1.532,2.127,1.96270064e7,1.96270064e7,2022-05-17
1.5780336,1.5780336,1.3646864,1.4143448,1.716,1.716,1.484,1.538,5.3744633e6,5.3744633e6,2022-05-16
1.5191792,1.5807924,1.4235408,1.5780336,1.652,1.719,1.548,1.716,7.2534336e6,7.2534336e6,2022-05-15
1.4281388,1.6451644,1.3297416,1.5182596,1.553,1.789,1.446,1.651,1.31012245e7,1.31012245e7,2022-05-14
1.1936408,1.7389636,1.1752488,1.4281388,1.298,1.891,1.278,1.553,2.05578069e7,2.05578069e7,2022-05-13
1.338018,1.4180232,1.0198364,1.1927212,1.455,1.542,1.109,1.297,1.72876653e7,1.72876653e7,2022-05-12
1.830004,1.889778,1.2267464,1.3407768,1.99,2.055,1.334,1.458,3.13044547e7,3.13044547e7,2022-05-11
1.8842604,2.1270348,1.7389636,1.830004,2.049,2.313,1.891,1.99,2.50155714e7,2.50155714e7,2022-05-10
2.20704,2.4351008,1.8566724,1.88518,2.4,2.648,2.019,2.05,3.1177677e7,3.1177677e7,2022-05-09
2.409352,2.4305028,2.0957684,2.2052008,2.62,2.643,2.279,2.398,1.9768201e7,1.9768201e7,2022-05-08
2.7882272,2.8038604,2.3440604,2.4084324,3.032,3.049,2.549,2.619,1.11318417e7,1.11318417e7,2022-05-07
2.7900664,2.8700716,2.4902768,2.7882272,3.034,3.121,2.708,3.032,1.37141305e7,1.37141305e7,2022-05-06
3.439304,3.5119524,2.7302924,2.7891468,3.74,3.819,2.969,3.033,1.30170198e7,1.30170198e7,2022-05-05
3.204806,3.4659724,2.947318,3.439304,3.485,3.769,3.205,3.74,1.5481347e7,1.5481347e7,2022-05-04
3.779556,3.779556,3.163424,3.2038864,4.11,4.11,3.44,3.484,8.4274179e6,8.4274179e6,2022-05-03
4.1648684,4.3156828,3.6085104,3.7786364,4.529,4.693,3.924,4.109,6.639422e6,6.639422e6,2022-05-02
4.48305,4.6044372,4.0591144,4.1639488,4.875,5.007,4.414,4.528,6.1039639e6,6.1039639e6,2022-05-01
4.8977896,4.9557244,4.4573012,4.4848892,5.326,5.389,4.847,4.877,5.6123419e6,5.6123419e6,2022-04-30
5.0890664,5.2766648,4.7101912,4.89687,5.534,5.738,5.122,5.325,7.3281814e6,7.3281814e6,2022-04-29
5.1157348,5.306092,4.763528,5.0890664,5.563,5.77,5.18,5.534,1.0638121862e7,1.0638121862e7,2022-04-28
4.8030708,5.19574,4.7092716,5.1184936,5.223,5.65,5.121,5.566,7.1215148e6,7.1215148e6,2022-04-27
4.6632916,5.24172,4.6145528,4.8067492,5.071,5.7,5.018,5.227,1.4676731718e7,1.4676731718e7,2022-04-26
4.349708,4.7046736,4.202572,4.6632916,4.73,5.116,4.57,5.071,9.7294972e6,9.7294972e6,2022-04-25
4.809508,4.883076,4.3257984,4.3487884,5.23,5.31,4.704,4.729,6.4874421e6,6.4874421e6,2022-04-24
4.3349944,4.9161816,4.2448736,4.8113472,4.714,5.346,4.616,5.232,1.5274737874e7,1.5274737874e7,2022-04-23
4.2936124,4.55202,4.0683104,4.3340748,4.669,4.95,4.424,4.713,1.15132716e7,1.15132716e7,2022-04-22
4.0342852,4.671568,3.9285312,4.294532,4.387,5.08,4.272,4.67,1.51961992e7,1.51961992e7,2022-04-21
3.9846268,4.2503912,3.788752,4.0333656,4.333,4.622,4.12,4.386,7.9035188e6,7.9035188e6,2022-04-20
3.9515212,4.1510744,3.876114,3.986466,4.297,4.514,4.215,4.335,5.1880979e6,5.1880979e6,2022-04-19
3.7823148,4.037044,3.6590884,3.9515212,4.113,4.39,3.979,4.297,1.06621739e7,1.06621739e7,2022-04-18
4.0526772,4.561216,3.7225408,3.7804756,4.407,4.96,4.048,4.111,9.8238837e6,9.8238837e6,2022-04-17
4.2228032,4.2706224,3.9708328,4.055436,4.592,4.644,4.318,4.41,4.3913789e6,4.3913789e6,2022-04-16
4.1455568,4.3460296,3.9414056,4.225562,4.508,4.726,4.286,4.595,1.30025593e7,1.30025593e7,2022-04-15
3.5468972,4.4618992,3.4981584,4.1455568,3.857,4.852,3.804,4.508,2.5071224987e7,2.5071224987e7,2022-04-14
3.5165504,3.6765608,3.3583792,3.5468972,3.824,3.998,3.652,3.857,7.0574213e6,7.0574213e6,2022-04-13
3.7142644,4.0894612,3.4742488,3.5156308,4.039,4.447,3.778,3.823,1.61131369e7,1.61131369e7,2022-04-12
3.7896716,4.0958984,3.5643696,3.715184,4.121,4.454,3.876,4.04,2.60104013e7,2.60104013e7,2022-04-11
3.4126356,4.1676272,3.2452684,3.7905912,3.711,4.532,3.529,4.122,1.5765529239e7,1.5765529239e7,2022-04-10
3.6811588,3.926692,3.3455048,3.4126356,4.003,4.27,3.638,3.711,1.31366957e7,1.31366957e7,2022-04-09
3.0512328,4.04624,3.0383584,3.6802392,3.318,4.4,3.304,4.002,3.1476347763e7,3.1476347763e7,2022-04-08
2.8406444,3.1229616,2.6604028,3.0521524,3.089,3.396,2.893,3.319,6.9019062e6,6.9019062e6,2022-04-07
2.7707548,3.0245644,2.6089052,2.8378856,3.013,3.289,2.837,3.086,9.8202597e6,9.8202597e6,2022-04-06
2.9445592,2.9739864,2.7652372,2.7707548,3.202,3.234,3.007,3.013,1.5938078e6,1.5938078e6,2022-04-05
3.016288,3.0181272,2.7348904,2.9454788,3.28,3.282,2.974,3.203,2.7453907e6,2.7453907e6,2022-04-04
3.0457152,3.0705444,2.9261672,3.0153684,3.312,3.339,3.182,3.279,1.4871393e6,1.4871393e6,2022-04-03
3.0282428,3.1615848,2.9592728,3.0447956,3.293,3.438,3.218,3.311,2.2153056e6,2.2153056e6,2022-04-02
2.9969764,3.1119264,2.8194936,3.0282428,3.259,3.384,3.066,3.293,2.9517732e6,2.9517732e6,2022-04-01
3.1845748,3.2544644,2.96571,2.9951372,3.463,3.539,3.225,3.257,6.6646225e6,6.6646225e6,2022-03-31
3.1781376,3.2976856,3.0953736,3.1836552,3.456,3.586,3.366,3.462,4.3159553e6,4.3159553e6,2022-03-30
3.3179168,3.462294,3.1100872,3.177218,3.608,3.765,3.382,3.455,9.825968586e6,9.825968586e6,2022-03-29
2.9362828,3.347344,2.887544,3.3169972,3.193,3.64,3.14,3.607,6.73049624e6,6.73049624e6,2022-03-28
2.8912224,2.9362828,2.8240916,2.9362828,3.144,3.193,3.071,3.193,2.0890677e6,2.0890677e6,2022-03-27
2.8801872,2.9859412,2.8636344,2.8903028,3.132,3.247,3.114,3.143,1.9166708e6,1.9166708e6,2022-03-26
2.8765088,2.9326044,2.8167348,2.8801872,3.128,3.189,3.063,3.132,2.8323983e6,2.8323983e6,2022-03-25
2.9261672,2.928926,2.8075388,2.8755892,3.182,3.185,3.053,3.127,3.2763708e6,3.2763708e6,2022-03-24
3.0273232,3.0291624,2.8801872,2.9270868,3.292,3.294,3.132,3.183,4.1538822e6,4.1538822e6,2022-03-23
2.9031772,3.0916952,2.8893832,3.0273232,3.157,3.362,3.142,3.292,3.866104e6,3.866104e6,2022-03-22
2.9868608,3.0788208,2.8066192,2.9040968,3.248,3.348,3.052,3.158,3.8589064e6,3.8589064e6,2022-03-21
3.0631876,3.1100872,2.9114536,2.9877804,3.331,3.382,3.166,3.249,4.0356414e6,4.0356414e6,2022-03-20
3.112846,3.1937708,2.9896196,3.062268,3.385,3.473,3.251,3.33,4.5507205e6,4.5507205e6,2022-03-19
2.8617952,3.236992,2.8470816,3.1137656,3.112,3.52,3.096,3.386,9.100159413e6,9.100159413e6,2022-03-18
2.8167348,2.9252476,2.6870712,2.8627148,3.063,3.181,2.922,3.113,4.5452235e6,4.5452235e6,2022-03-17
2.8121368,3.0218056,2.6907496,2.8158152,3.058,3.286,2.926,3.062,7.930919e6,7.930919e6,2022-03-16
2.662242,2.9123732,2.6098248,2.8121368,2.895,3.167,2.838,3.058,1.24630348e7,1.24630348e7,2022-03-15
2.3753268,2.6824732,2.3109548,2.662242,2.583,2.917,2.513,2.895,6.8327193e6,6.8327193e6,2022-03-14
2.5261412,2.6466088,2.3477388,2.3753268,2.747,2.878,2.553,2.583,4.4156153e6,4.4156153e6,2022-03-13
2.36797,2.6751164,2.3578544,2.5270608,2.575,2.909,2.564,2.748,7.6229335e6,7.6229335e6,2022-03-12
2.5445332,2.5445332,2.3422212,2.3670504,2.767,2.767,2.547,2.574,6.3619206e6,6.3619206e6,2022-03-11
2.855358,2.9638708,2.5049904,2.5454528,3.105,3.223,2.724,2.768,1.19842027e7,1.19842027e7,2022-03-10
2.8176544,3.0503132,2.6226992,2.8562776,3.064,3.317,2.852,3.106,1.766152869e7,1.766152869e7,2022-03-09
2.2631356,2.9316848,2.243824,2.818574,2.461,3.188,2.44,3.065,2.8354336744e7,2.8354336744e7,2022-03-08
2.04611,2.3642916,2.0378336,2.2649748,2.225,2.571,2.216,2.463,1.05378717e7,1.05378717e7,2022-03-07
2.1555424,2.3091156,2.0451904,2.0451904,2.344,2.511,2.224,2.224,7.8361647e6,7.8361647e6,2022-03-06
2.3045176,2.3063568,2.119678,2.1583012,2.506,2.508,2.305,2.347,5.393482e6,5.393482e6,2022-03-05
2.5500508,2.6558048,2.262216,2.3054372,2.773,2.888,2.46,2.507,9.6087802e6,9.6087802e6,2022-03-04
2.5454528,2.6999456,2.4534928,2.5528096,2.768,2.936,2.668,2.776,1.0023035106e7,1.0023035106e7,2022-03-03
2.3624524,2.6659204,2.2429044,2.5463724,2.569,2.899,2.439,2.769,1.4023585924e7,1.4023585924e7,2022-03-02
2.2475024,2.4663672,2.1849696,2.363372,2.444,2.682,2.376,2.57,1.7209622591e7,1.7209622591e7,2022-03-01
1.7444812,2.2907236,1.6755112,2.2475024,1.897,2.491,1.822,2.444,9.948294031e6,9.948294031e6,2022-02-28
1.705858,1.894376,1.6332096,1.7435616,1.855,2.06,1.776,1.896,6.172997e6,6.172997e6,2022-02-27
1.7141344,1.7996572,1.6672348,1.705858,1.864,1.957,1.813,1.855,2.8156436e6,2.8156436e6,2022-02-26
1.669074,1.7279284,1.5780336,1.7122952,1.815,1.879,1.716,1.862,5.3141684e6,5.3141684e6,2022-02-25
1.5844708,1.7095364,1.3941136,1.6672348,1.723,1.859,1.516,1.813,7.2427525e6,7.2427525e6,2022-02-24
1.6470036,1.6948228,1.572516,1.5835512,1.791,1.843,1.71,1.722,5.9734048e6,5.9734048e6,2022-02-23
1.6194156,1.6561996,1.5164204,1.6479232,1.761,1.801,1.649,1.792,6.4412299e6,6.4412299e6,2022-02-22
1.8612704,1.9431148,1.6102196,1.6194156,2.024,2.113,1.751,1.761,1.11483799e7,1.11483799e7,2022-02-21
1.8189688,1.9026524,1.6893052,1.857592,1.978,2.069,1.837,2.02,6.3744591e6,6.3744591e6,2022-02-20
1.9504716,1.972542,1.7959788,1.8198884,2.121,2.145,1.953,1.979,5.6974742e6,5.6974742e6,2022-02-19
2.0911704,2.1445072,1.9467932,1.9523108,2.274,2.332,2.117,2.123,5.8352845e6,5.8352845e6,2022-02-18
2.101286,2.1960048,1.990934,2.0939292,2.285,2.388,2.165,2.277,1.03903038e7,1.03903038e7,2022-02-17
1.9992104,2.151864,1.9201248,2.101286,2.174,2.34,2.088,2.285,8.358439e6,8.358439e6,2022-02-16
1.7683908,2.0203612,1.7435616,1.9982908,1.923,2.197,1.896,2.173,7.4182004e6,7.4182004e6,2022-02-15
1.6718328,1.7775868,1.6056216,1.7683908,1.818,1.933,1.746,1.923,2.3573362e6,2.3573362e6,2022-02-14
1.6975816,1.72425,1.627692,1.673672,1.846,1.875,1.77,1.82,1.8683551e6,1.8683551e6,2022-02-13
1.7582752,1.7628732,1.627692,1.6948228,1.912,1.917,1.77,1.843,3.7797249e6,3.7797249e6,2022-02-12
1.7224108,1.9982908,1.6755112,1.7601144,1.873,2.173,1.822,1.914,1.01169826e7,1.01169826e7,2022-02-11
1.8125316,1.8244864,1.682868,1.719652,1.971,1.984,1.83,1.87,4.3886745e6,4.3886745e6,2022-02-10
1.7628732,1.8382804,1.7095364,1.8134512,1.917,1.999,1.859,1.972,3.9592002e6,3.9592002e6,2022-02-09
1.8410392,1.8447176,1.6626368,1.7628732,2.002,2.006,1.808,1.917,6.1399687e6,6.1399687e6,2022-02-08
1.9072504,1.9100092,1.7877024,1.8410392,2.074,2.077,1.944,2.002,5.1522453e6,5.1522453e6,2022-02-07
1.8860996,1.9146072,1.7904612,1.90817,2.051,2.082,1.947,2.075,3.0385085e6,3.0385085e6,2022-02-06
1.9201248,1.963346,1.8355216,1.8870192,2.088,2.135,1.996,2.052,3.4480916e6,3.4480916e6,2022-02-05
1.8695468,1.93116,1.807014,1.9192052,2.033,2.1,1.965,2.087,4.5647914e6,4.5647914e6,2022-02-04
1.7122952,1.8888584,1.6653956,1.8658684,1.862,2.054,1.811,2.029,7.6293032e6,7.6293032e6,2022-02-03
1.7260892,1.88518,1.6929836,1.710456,1.877,2.05,1.841,1.86,7.0049812e6,7.0049812e6,2022-02-02
1.7343656,1.820808,1.6957424,1.7270088,1.886,1.98,1.844,1.878,4.7090363e6,4.7090363e6,2022-02-01
1.5982648,1.7831044,1.5182596,1.7325264,1.738,1.939,1.651,1.884,8.5654344e6,8.5654344e6,2022-01-31
1.5918276,1.6028628,1.5063048,1.5982648,1.731,1.743,1.638,1.738,2.9167473e6,2.9167473e6,2022-01-30
1.6488428,1.6718328,1.5504456,1.5918276,1.793,1.818,1.686,1.731,4.8696899e6,4.8696899e6,2022-01-29
1.6589584,1.692064,1.544928,1.650682,1.804,1.84,1.68,1.795,5.6278042e6,5.6278042e6,2022-01-28
1.58631,1.7178128,1.4833148,1.6580388,1.725,1.868,1.613,1.803,1.02383927e7,1.02383927e7,2022-01-27
1.526536,1.6433252,1.4731992,1.5872296,1.66,1.787,1.602,1.726,6.7466552e6,6.7466552e6,2022-01-26
1.4290584,1.6056216,1.4272192,1.5246968,1.554,1.746,1.552,1.658,8.2015404e6,8.2015404e6,2022-01-25
1.3462944,1.4456112,1.1844448,1.4308976,1.464,1.572,1.288,1.556,6.7578784e6,6.7578784e6,2022-01-24
1.383998,1.4152644,1.2607716,1.3453748,1.505,1.539,1.371,1.463,4.7725621e6,4.7725621e6,2022-01-23
1.3168672,1.42538,1.1495,1.383998,1.432,1.55,1.25,1.505,1.31582672e7,1.31582672e7,2022-01-22
1.452968,1.572516,1.269048,1.3168672,1.58,1.71,1.38,1.432,1.21033091e7,1.21033091e7,2022-01-21
1.4180232,1.5338928,1.370204,1.4557268,1.542,1.668,1.49,1.583,6.7837215e6,6.7837215e6,2022-01-20
1.3536512,1.47136,1.2681284,1.4171036,1.472,1.6,1.379,1.541,4.435445e6,4.435445e6,2022-01-19
1.4796364,1.5338928,1.3370984,1.3545708,1.609,1.668,1.454,1.473,4.7344643e6,4.7344643e6,2022-01-18
1.4152644,1.5072244,1.3582492,1.480556,1.539,1.639,1.477,1.61,5.7057313e6,5.7057313e6,2022-01-17
1.4033096,1.4198624,1.3389376,1.4143448,1.526,1.544,1.456,1.538,1.8988894e6,1.8988894e6,2022-01-16
1.3039928,1.4465308,1.2957164,1.4033096,1.418,1.573,1.409,1.526,2.813129e6,2.813129e6,2022-01-15
1.2653696,1.3177868,1.2423796,1.3049124,1.376,1.433,1.351,1.419,1.805923e6,1.805923e6,2022-01-14
1.2865204,1.33342,1.2589324,1.2662892,1.399,1.45,1.369,1.377,1.7933576e6,1.7933576e6,2022-01-13
1.2341032,1.2993948,1.232264,1.2883596,1.342,1.413,1.34,1.401,2.6931843e6,2.6931843e6,2022-01-12
1.2285856,1.2810028,1.2074348,1.2331836,1.336,1.393,1.313,1.341,2.6949224e6,2.6949224e6,2022-01-11
1.3113496,1.3141084,1.1495,1.2285856,1.426,1.429,1.25,1.336,4.043498e6,4.043498e6,2022-01-10
1.4033096,1.4676816,1.2846812,1.3113496,1.526,1.596,1.397,1.426,7.0265438e6,7.0265438e6,2022-01-09
1.388596,1.4842344,1.3067516,1.4005508,1.51,1.614,1.421,1.523,1.59601244e7,1.59601244e7,2022-01-08
1.2009976,1.4419328,1.1209924,1.3867568,1.306,1.568,1.219,1.508,1.7441996e7,1.7441996e7,2022-01-07
1.1504196,1.2313444,1.0888064,1.2009976,1.251,1.339,1.184,1.306,3.3467108e6,3.3467108e6,2022-01-06
1.2341032,1.3095104,1.1136356,1.1495,1.342,1.424,1.211,1.25,2.3838294e6,2.3838294e6,2022-01-05
1.2837616,1.28744,1.2295052,1.2359424,1.396,1.4,1.337,1.344,1.8328316e6,1.8328316e6,2022-01-04
1.3085908,1.3435356,1.2672088,1.2837616,1.423,1.461,1.378,1.396,1.9853136e6,1.9853136e6,2022-01-03
1.2718068,1.3315808,1.2331836,1.31043,1.383,1.448,1.341,1.425,2.3293478e6,2.3293478e6,2022-01-02
1.1798468,1.2745656,1.1798468,1.2727264,1.283,1.386,1.283,1.384,1.5845347e6,1.5845347e6,2022-01-01
1.2129524,1.2396208,1.1439824,1.1798468,1.319,1.348,1.244,1.283,1.3254098e6,1.3254098e6,2021-12-31
1.1568568,1.227666,1.1320276,1.2157112,1.258,1.335,1.231,1.322,1.5554363e6,1.5554363e6,2021-12-30
1.1936408,1.213872,1.1412236,1.1559372,1.298,1.32,1.241,1.257,1.4399759e6,1.4399759e6,2021-12-29
1.3021536,1.3021536,1.1881232,1.1945604,1.416,1.416,1.292,1.299,1.6629175e6,1.6629175e6,2021-12-28
1.2819224,1.439174,1.273646,1.3021536,1.394,1.565,1.385,1.416,1.83507e6,1.83507e6,2021-12-27
1.2957164,1.3030732,1.2331836,1.2819224,1.409,1.417,1.341,1.394,2.1123433e6,2.1123433e6,2021-12-26
1.2745656,1.3122692,1.2681284,1.2957164,1.386,1.427,1.379,1.409,869115.3,869115.3,2021-12-25
1.324224,1.3269828,1.2589324,1.2745656,1.44,1.443,1.369,1.386,1.5498807e6,1.5498807e6,2021-12-24
1.2543344,1.328822,1.2212288,1.324224,1.364,1.445,1.328,1.44,1.5844261e6,1.5844261e6,2021-12-23
1.1807664,1.278244,1.1734096,1.2534148,1.284,1.39,1.276,1.363,2.8486348e6,2.8486348e6,2021-12-22
1.1384648,1.1936408,1.1255904,1.1789272,1.238,1.298,1.224,1.282,921279.8,921279.8,2021-12-21
1.1752488,1.1789272,1.0970828,1.1384648,1.278,1.282,1.193,1.238,1.2874395e6,1.2874395e6,2021-12-20
1.2129524,1.227666,1.1688116,1.1743292,1.319,1.335,1.271,1.277,1.1376916e6,1.1376916e6,2021-12-19
1.1807664,1.246058,1.1559372,1.2120328,1.284,1.355,1.257,1.318,1.1256135e6,1.1256135e6,2021-12-18
1.181686,1.2377816,1.135706,1.1798468,1.285,1.346,1.235,1.283,1.792979e6,1.792979e6,2021-12-17
1.1945604,1.2432992,1.1780076,1.181686,1.299,1.352,1.281,1.285,1.0422221e6,1.0422221e6,2021-12-16
1.154098,1.204676,1.0750124,1.1963996,1.255,1.31,1.169,1.301,1.3688851e6,1.3688851e6,2021-12-15
1.12651,1.1752488,1.0915652,1.154098,1.225,1.278,1.187,1.255,1.548492e6,1.548492e6,2021-12-14
1.2543344,1.2580128,1.1062788,1.1255904,1.364,1.368,1.203,1.224,1.8290044e6,1.8290044e6,2021-12-13
1.2543344,1.2681284,1.2101936,1.255254,1.364,1.379,1.316,1.365,948112.6,948112.6,2021-12-12
1.1963996,1.269048,1.17249,1.2534148,1.301,1.38,1.275,1.363,1.1829597e6,1.1829597e6,2021-12-11
1.2432992,1.2892792,1.19548,1.19548,1.352,1.402,1.3,1.3,1.7544315e6,1.7544315e6,2021-12-10
1.3941136,1.4051488,1.236862,1.2451384,1.516,1.528,1.345,1.354,4.1516538e6,4.1516538e6,2021-12-09
1.406988,1.4134252,1.296636,1.393194,1.53,1.537,1.41,1.515,2.1629117e6,2.1629117e6,2021-12-08
1.2947968,1.4290584,1.2819224,1.4088272,1.408,1.554,1.394,1.532,3.7337726e6,3.7337726e6,2021-12-07
1.255254,1.301234,1.1026004,1.2947968,1.365,1.415,1.199,1.408,3.6409137e6,3.6409137e6,2021-12-06
1.3591688,1.4630836,1.204676,1.2534148,1.478,1.591,1.31,1.363,3.2226806e6,3.2226806e6,2021-12-05
1.6166568,1.6166568,1.0814496,1.3573296,1.758,1.758,1.176,1.476,6.453439663e6,6.453439663e6,2021-12-04
1.7251696,1.7665516,1.56332,1.6166568,1.876,1.921,1.7,1.758,2.4980636e6,2.4980636e6,2021-12-03
1.7849436,1.7867828,1.6837876,1.7251696,1.941,1.943,1.831,1.876,1.6325009e6,1.6325009e6,2021-12-02
1.7858632,1.8511548,1.7481596,1.7858632,1.942,2.013,1.901,1.942,2.6405973e6,2.6405973e6,2021-12-01
1.8824212,1.8860996,1.7591948,1.784024,2.047,2.051,1.913,1.94,2.6548721e6,2.6548721e6,2021-11-30
1.88518,1.90817,1.8180492,1.880582,2.05,2.075,1.977,2.045,3.5102828e6,3.5102828e6,2021-11-29
1.921964,1.9247228,1.67827,1.8796624,2.09,2.093,1.825,2.044,5.5752603e6,5.5752603e6,2021-11-28
1.86219,2.1601404,1.8217276,1.921964,2.025,2.349,1.981,2.09,2.00330076e7,2.00330076e7,2021-11-27
1.6939032,1.9284012,1.5109028,1.8612704,1.842,2.097,1.643,2.024,1.67091282e7,1.67091282e7,2021-11-26
1.5780336,1.715054,1.5568828,1.6929836,1.716,1.865,1.693,1.841,3.83632e6,3.83632e6,2021-11-25
1.6534408,1.6617172,1.5329732,1.5780336,1.798,1.807,1.667,1.716,2.3049377e6,2.3049377e6,2021-11-24
1.5338928,1.669074,1.5191792,1.6534408,1.668,1.815,1.652,1.798,3.2903431e6,3.2903431e6,2021-11-23
1.6148176,1.6194156,1.5118224,1.5338928,1.756,1.761,1.644,1.668,1.6727993e6,1.6727993e6,2021-11-22
1.6332096,1.6497624,1.5826316,1.6148176,1.776,1.794,1.721,1.756,1.5708084e6,1.5708084e6,2021-11-21
1.5826316,1.6525212,1.5513652,1.6313704,1.721,1.797,1.687,1.774,2.0786451e6,2.0786451e6,2021-11-20
1.4879128,1.590908,1.4538876,1.5826316,1.618,1.73,1.581,1.721,1.5697529e6,1.5697529e6,2021-11-19
1.65528,1.7214912,1.4566464,1.489752,1.8,1.872,1.584,1.62,3.5812254e6,3.5812254e6,2021-11-18
1.572516,1.6617172,1.508144,1.6571192,1.71,1.807,1.64,1.802,2.9854095e6,2.9854095e6,2021-11-17
1.7435616,1.7444812,1.4814756,1.5734356,1.896,1.897,1.611,1.711,4.4841296e6,4.4841296e6,2021-11-16
1.7316068,1.8088532,1.7086168,1.742642,1.883,1.967,1.858,1.895,2.8470559e6,2.8470559e6,2021-11-15
1.7325264,1.7389636,1.6727524,1.7306872,1.884,1.891,1.819,1.882,1.6146629e6,1.6146629e6,2021-11-14
1.7021796,1.7729888,1.6709132,1.7343656,1.851,1.928,1.817,1.886,1.8536952e6,1.8536952e6,2021-11-13
1.715054,1.7683908,1.636888,1.70126,1.865,1.923,1.78,1.85,2.8784514e6,2.8784514e6,2021-11-12
1.6994208,1.7454008,1.6617172,1.7168932,1.848,1.898,1.807,1.867,2.1614259e6,2.1614259e6,2021-11-11
1.8290844,1.8815016,1.6093,1.70126,1.989,2.046,1.75,1.85,4.166219e6,4.166219e6,2021-11-10
1.8952956,1.9044916,1.8051748,1.8290844,2.061,2.071,1.963,1.989,3.0173637e6,3.0173637e6,2021-11-09
1.8263256,1.894376,1.7647124,1.894376,1.986,2.06,1.919,2.06,4.2332754e6,4.2332754e6,2021-11-08
1.756436,1.8364412,1.7362048,1.8263256,1.91,1.997,1.888,1.986,2.5119175e6,2.5119175e6,2021-11-07
1.7647124,1.7766672,1.6626368,1.7573556,1.919,1.932,1.808,1.911,3.6389256e6,3.6389256e6,2021-11-06
1.8355216,1.8355216,1.7417224,1.7665516,1.996,1.996,1.894,1.921,2.1825071e6,2.1825071e6,2021-11-05
1.93116,1.93116,1.7831044,1.8355216,2.1,2.1,1.939,1.996,4.3979764e6,4.3979764e6,2021-11-04
2.1031252,2.105884,1.8281648,1.93116,2.287,2.29,1.988,2.1,4.6985013e6,4.6985013e6,2021-11-03
1.8281648,2.1031252,1.8033356,2.1022056,1.988,2.287,1.961,2.286,1.12325173e7,1.12325173e7,2021-11-02
1.830004,2.257618,1.6810288,1.8263256,1.99,2.455,1.828,1.986,1.510249059e7,1.510249059e7,2021-11-01
1.7729888,2.087492,1.6911444,1.830004,1.928,2.27,1.839,1.99,1.89883603e7,1.89883603e7,2021-10-31
1.6102196,1.820808,1.5348124,1.7720692,1.751,1.98,1.669,1.927,1.17928792e7,1.17928792e7,2021-10-30
1.4695208,1.6129784,1.4603248,1.6083804,1.598,1.754,1.588,1.749,3.5543103e6,3.5543103e6,2021-10-29
1.35641,1.49435,1.3462944,1.466762,1.475,1.625,1.464,1.595,2.2532159e6,2.2532159e6,2021-10-28
1.5246968,1.5660788,1.305832,1.3554904,1.658,1.703,1.42,1.474,5.2790819e6,5.2790819e6,2021-10-27
1.5182596,1.590908,1.498948,1.5256164,1.651,1.73,1.63,1.659,3.750142e6,3.750142e6,2021-10-26
1.5026264,1.5237772,1.4971088,1.51734,1.634,1.657,1.628,1.65,1.3975291e6,1.3975291e6,2021-10-25
1.535732,1.5421692,1.4630836,1.503546,1.67,1.677,1.591,1.635,1.4397739e6,1.4397739e6,2021-10-24
1.5090636,1.5366516,1.4768776,1.5366516,1.641,1.671,1.606,1.671,935106.6,935106.6,2021-10-23
1.480556,1.5467672,1.47136,1.5099832,1.61,1.682,1.6,1.642,2.0447584e6,2.0447584e6,2021-10-22
1.54033,1.58631,1.475958,1.480556,1.675,1.725,1.605,1.61,2.7109506e6,2.7109506e6,2021-10-21
1.4842344,1.5486064,1.4796364,1.5394104,1.614,1.684,1.609,1.674,2.5916374e6,2.5916374e6,2021-10-20
1.4925108,1.508144,1.4538876,1.4842344,1.623,1.64,1.581,1.614,1.4605344e6,1.4605344e6,2021-10-19
1.4888324,1.4998676,1.429978,1.4925108,1.619,1.631,1.555,1.623,1.5549757e6,1.5549757e6,2021-10-18
1.5522848,1.5706768,1.4336564,1.4869932,1.688,1.708,1.559,1.617,2.4544551e6,2.4544551e6,2021-10-17
1.5476868,1.604702,1.5329732,1.5532044,1.683,1.745,1.667,1.689,3.3843e6,3.3843e6,2021-10-16
1.590908,1.5918276,1.4630836,1.5458476,1.73,1.731,1.591,1.681,3.1301866e6,3.1301866e6,2021-10-15
1.6019432,1.646084,1.5761944,1.5918276,1.742,1.79,1.714,1.731,2.5470877e6,2.5470877e6,2021-10-14
1.4998676,1.664476,1.4879128,1.6010236,1.631,1.81,1.618,1.741,3.6407955e6,3.6407955e6,2021-10-13
1.5789532,1.5826316,1.4189428,1.4998676,1.717,1.721,1.543,1.631,3.8136694e6,3.8136694e6,2021-10-12
1.6589584,1.6847072,1.5366516,1.5807924,1.804,1.832,1.671,1.719,3.5549059e6,3.5549059e6,2021-10-11
1.6359684,1.682868,1.604702,1.6617172,1.779,1.83,1.745,1.807,3.2306205e6,3.2306205e6,2021-10-10
1.6525212,1.6893052,1.590908,1.6341292,1.797,1.837,1.73,1.777,2.4145616e6,2.4145616e6,2021-10-09
1.5697572,1.6791896,1.5605612,1.650682,1.707,1.826,1.697,1.795,3.3714853e6,3.3714853e6,2021-10-08
1.5734356,1.5982648,1.5191792,1.5688376,1.711,1.738,1.652,1.706,2.3407782e6,2.3407782e6,2021-10-07
1.581712,1.6249332,1.4750384,1.572516,1.72,1.767,1.604,1.71,3.5776524e6,3.5776524e6,2021-10-06
1.5320536,1.5899884,1.5044656,1.5807924,1.666,1.729,1.636,1.719,2.4949414e6,2.4949414e6,2021-10-05
1.54033,1.5964256,1.4731992,1.5338928,1.675,1.736,1.602,1.668,3.9546129e6,3.9546129e6,2021-10-04
1.5007872,1.5550436,1.4676816,1.5384908,1.632,1.691,1.596,1.673,2.1705666e6,2.1705666e6,2021-10-03
1.4925108,1.535732,1.4474504,1.5007872,1.623,1.67,1.574,1.632,2.1445568e6,2.1445568e6,2021-10-02
1.3729628,1.4934304,1.3683648,1.4915912,1.493,1.624,1.488,1.622,3.1167928e6,3.1167928e6,2021-10-01
1.278244,1.4226212,1.2754852,1.3738824,1.39,1.547,1.387,1.494,2.967107e6,2.967107e6,2021-09-30
1.2313444,1.3545708,1.2295052,1.2800832,1.339,1.473,1.337,1.392,2.389154e6,2.389154e6,2021-09-29
1.273646,1.3067516,1.2258268,1.2331836,1.385,1.421,1.333,1.341,1.9043744e6,1.9043744e6,2021-09-28
1.3389376,1.3895156,1.2718068,1.2745656,1.456,1.511,1.383,1.386,2.2859498e6,2.2859498e6,2021-09-27
1.3214652,1.365606,1.2101936,1.3407768,1.437,1.485,1.316,1.458,3.1164025e6,3.1164025e6,2021-09-26
1.338018,1.3554904,1.2754852,1.3205456,1.455,1.474,1.387,1.436,1.5414561e6,1.5414561e6,2021-09-25
1.4511288,1.4594052,1.236862,1.3398572,1.578,1.587,1.345,1.457,3.6138878e6,3.6138878e6,2021-09-24
1.4262996,1.462164,1.3766412,1.4520484,1.551,1.59,1.497,1.579,2.500614e6,2.500614e6,2021-09-23
1.2681284,1.4290584,1.2442188,1.42538,1.379,1.554,1.353,1.55,3.2563734e6,3.2563734e6,2021-09-22
1.3674452,1.4235408,1.2341032,1.2681284,1.487,1.548,1.342,1.379,3.664450056e6,3.664450056e6,2021-09-21
1.6010236,1.6019432,1.33342,1.3665256,1.741,1.742,1.45,1.486,4.561004366e6,4.561004366e6,2021-09-20
1.6626368,1.664476,1.5715964,1.6010236,1.808,1.81,1.709,1.741,2.1149479e6,2.1149479e6,2021-09-19
1.65528,1.7095364,1.6194156,1.6617172,1.8,1.859,1.761,1.807,2.3912631e6,2.3912631e6,2021-09-18
1.7178128,1.8263256,1.6313704,1.65528,1.868,1.986,1.774,1.8,8.5857543e6,8.5857543e6,2021-09-17
1.7325264,1.8355216,1.6718328,1.7178128,1.884,1.996,1.818,1.868,5.3851283e6,5.3851283e6,2021-09-16
1.687466,1.7408028,1.6488428,1.7325264,1.835,1.893,1.793,1.884,2.9514955e6,2.9514955e6,2021-09-15
1.6065412,1.7003404,1.5881492,1.6883856,1.747,1.849,1.727,1.836,2.3359515e6,2.3359515e6,2021-09-14
1.733446,1.7490792,1.5007872,1.6065412,1.885,1.902,1.632,1.747,4.3214426e6,4.3214426e6,2021-09-13
1.7003404,1.7582752,1.6488428,1.7343656,1.849,1.912,1.793,1.886,2.1654001e6,2.1654001e6,2021-09-12
1.6911444,1.756436,1.6607976,1.7021796,1.839,1.91,1.806,1.851,2.6382401e6,2.6382401e6,2021-09-11
1.6856268,1.9210444,1.6111392,1.6902248,1.833,2.089,1.752,1.838,7.7206116e6,7.7206116e6,2021-09-10
1.6286116,1.7435616,1.5890688,1.6847072,1.771,1.896,1.728,1.832,4.2874114e6,4.2874114e6,2021-09-09
1.6120588,1.6727524,1.4262996,1.627692,1.753,1.819,1.551,1.77,7.3622551e6,7.3622551e6,2021-09-08
2.064502,2.142668,1.370204,1.6129784,2.245,2.33,1.49,1.754,1.1606512377e7,1.1606512377e7,2021-09-07
2.1114016,2.133472,1.940356,2.059904,2.296,2.32,2.11,2.24,5.7729079e6,5.7729079e6,2021-09-06
1.9900144,2.16106,1.9596676,2.1086428,2.164,2.35,2.131,2.293,7.5085306e6,7.5085306e6,2021-09-05
1.9008132,1.9992104,1.8952956,1.990934,2.067,2.174,2.061,2.165,5.015146266e6,5.015146266e6,2021-09-04
1.848396,1.9247228,1.79322,1.9008132,2.01,2.093,1.95,2.067,4.973128658e6,4.973128658e6,2021-09-03
1.8695468,1.8842604,1.8152904,1.848396,2.033,2.049,1.974,2.01,2.8675511e6,2.8675511e6,2021-09-02
1.7739084,1.8916172,1.7205716,1.8695468,1.929,2.057,1.871,2.033,4.952596053e6,4.952596053e6,2021-09-01
1.7049384,1.7950592,1.6745916,1.7757476,1.854,1.952,1.821,1.931,4.1982999e6,4.1982999e6,2021-08-31
1.7923004,1.802416,1.692064,1.7040188,1.949,1.96,1.84,1.853,2.4862376e6,2.4862376e6,2021-08-30
1.8189688,1.8309236,1.7214912,1.7913808,1.978,1.991,1.872,1.948,2.6602069e6,2.6602069e6,2021-08-29
1.843798,1.8502352,1.7674712,1.8189688,2.005,2.012,1.922,1.978,2.49367407e6,2.49367407e6,2021-08-28
1.751838,1.8447176,1.6607976,1.8447176,1.905,2.006,1.806,2.006,4.174448865e6,4.174448865e6,2021-08-27
1.9707028,1.9982908,1.7141344,1.751838,2.143,2.173,1.864,1.905,6.286315791e6,6.286315791e6,2021-08-26
1.871386,2.0019692,1.7996572,1.9697832,2.035,2.177,1.957,2.142,4.935267381e6,4.935267381e6,2021-08-25
2.0332356,2.1353112,1.848396,1.8723056,2.211,2.322,2.01,2.036,8.356009602e6,8.356009602e6,2021-08-24
1.995532,2.0433512,1.9329992,2.0313964,2.17,2.222,2.102,2.209,6.191955791e6,6.191955791e6,2021-08-23
1.8318432,2.0074868,1.81621,1.9946124,1.992,2.183,1.975,2.169,9.182724488e6,9.182724488e6,2021-08-22
1.8097728,1.9100092,1.7693104,1.8318432,1.968,2.077,1.924,1.992,7.439316757e6,7.439316757e6,2021-08-21
1.7362048,1.8787428,1.715054,1.8088532,1.888,2.043,1.865,1.967,5.95184444e6,5.95184444e6,2021-08-20
1.6387272,1.7371244,1.581712,1.7371244,1.782,1.889,1.72,1.889,2.994128e6,2.994128e6,2021-08-19
1.6635564,1.6911444,1.5651592,1.636888,1.809,1.839,1.702,1.78,2.899865104e6,2.899865104e6,2021-08-18
1.7665516,1.8355216,1.618496,1.6635564,1.921,1.996,1.76,1.809,7.16200774e6,7.16200774e6,2021-08-17
1.8143708,1.8557528,1.7297676,1.765632,1.973,2.018,1.881,1.92,5.027497226e6,5.027497226e6,2021-08-16
1.7527576,1.830004,1.6929836,1.8143708,1.906,1.99,1.841,1.973,6.3031643e6,6.3031643e6,2021-08-15
1.7408028,1.77023,1.6479232,1.7536772,1.893,1.925,1.792,1.907,3.876953984e6,3.876953984e6,2021-08-14
1.6074608,1.7408028,1.5835512,1.7398832,1.748,1.893,1.722,1.892,2.590360878e6,2.590360878e6,2021-08-13
1.6893052,1.7490792,1.5486064,1.6065412,1.837,1.902,1.684,1.747,5.223414295e6,5.223414295e6,2021-08-12
1.6175764,1.7490792,1.6056216,1.6883856,1.759,1.902,1.746,1.836,4.906689123e6,4.906689123e6,2021-08-11
1.6056216,1.650682,1.5292948,1.6175764,1.746,1.795,1.663,1.759,5.181856667e6,5.181856667e6,2021-08-10
1.5237772,1.6166568,1.4640032,1.6056216,1.657,1.758,1.592,1.746,3.521722435e6,3.521722435e6,2021-08-09
1.6442448,1.6745916,1.4888324,1.5237772,1.788,1.821,1.619,1.657,3.747256009e6,3.747256009e6,2021-08-08
1.6148176,1.6672348,1.5624004,1.6433252,1.756,1.813,1.699,1.787,4.309419349e6,4.309419349e6,2021-08-07
1.5504456,1.6194156,1.503546,1.6148176,1.686,1.761,1.635,1.756,4.148965658e6,4.148965658e6,2021-08-06
1.5053852,1.5688376,1.4520484,1.5513652,1.637,1.706,1.579,1.687,5.150879779e6,5.150879779e6,2021-08-05
1.4603248,1.5430888,1.3996312,1.5053852,1.588,1.678,1.522,1.637,2.394882432e6,2.394882432e6,2021-08-04
1.4796364,1.5486064,1.4033096,1.4612444,1.609,1.684,1.526,1.589,4.106667398e6,4.106667398e6,2021-08-03
1.429978,1.5072244,1.3895156,1.4796364,1.555,1.639,1.511,1.609,3.230261847e6,3.230261847e6,2021-08-02
1.498948,1.6037824,1.4014704,1.4318172,1.63,1.744,1.524,1.557,5.110398528e6,5.110398528e6,2021-08-01
1.4492896,1.51734,1.4005508,1.498948,1.576,1.65,1.523,1.63,5.05070374e6,5.05070374e6,2021-07-31
1.40239,1.4492896,1.3187064,1.4465308,1.525,1.576,1.434,1.573,5.921648002e6,5.921648002e6,2021-07-30
1.3141084,1.4281388,1.2718068,1.4014704,1.429,1.553,1.383,1.524,6.64481575e6,6.64481575e6,2021-07-29
1.315028,1.3343396,1.250656,1.3141084,1.43,1.451,1.36,1.429,3.72715596e6,3.72715596e6,2021-07-28
1.2653696,1.3325004,1.2028368,1.315028,1.376,1.449,1.308,1.43,3.432632074e6,3.432632074e6,2021-07-27
1.2442188,1.365606,1.2377816,1.2672088,1.353,1.485,1.346,1.378,5.596724965e6,5.596724965e6,2021-07-26
1.2442188,1.2515756,1.1963996,1.2432992,1.353,1.361,1.301,1.352,2.20471376e6,2.20471376e6,2021-07-25
1.2331836,1.2911184,1.2101936,1.2432992,1.341,1.404,1.316,1.352,4.119737068e6,4.119737068e6,2021-07-24
1.1890428,1.246058,1.154098,1.2341032,1.293,1.355,1.255,1.342,2.852624395e6,2.852624395e6,2021-07-23
1.167892,1.2166308,1.1476608,1.1881232,1.27,1.323,1.248,1.292,2.982153754e6,2.982153754e6,2021-07-22
1.0731732,1.1991584,1.039148,1.1669724,1.167,1.304,1.13,1.269,2.984436825e6,2.984436825e6,2021-07-21
1.1274296,1.1568568,1.0354696,1.0731732,1.226,1.258,1.126,1.167,3.047994391e6,3.047994391e6,2021-07-20
1.2055956,1.209274,1.117314,1.1283492,1.311,1.315,1.215,1.227,1.861967444e6,1.861967444e6,2021-07-19
1.1890428,1.2423796,1.1780076,1.2055956,1.293,1.351,1.281,1.311,1.8064739e6,1.8064739e6,2021-07-18
1.1752488,1.2212288,1.1577764,1.1890428,1.278,1.328,1.259,1.293,1.92914981e6,1.92914981e6,2021-07-17
1.2469776,1.2764048,1.167892,1.177088,1.356,1.388,1.27,1.28,2.010715034e6,2.010715034e6,2021-07-16
1.3122692,1.33342,1.2239876,1.2451384,1.427,1.45,1.331,1.354,2.536258197e6,2.536258197e6,2021-07-15
1.3233044,1.3306612,1.2377816,1.3141084,1.439,1.447,1.346,1.429,2.200439833e6,2.200439833e6,2021-07-14
1.3830784,1.383998,1.3003144,1.3233044,1.504,1.505,1.414,1.439,2.31543208e6,2.31543208e6,2021-07-13
1.4014704,1.4557268,1.351812,1.3830784,1.524,1.583,1.47,1.504,3.135267408e6,3.135267408e6,2021-07-12
1.3757216,1.4198624,1.3453748,1.40239,1.496,1.544,1.463,1.525,2.229996058e6,2.229996058e6,2021-07-11
1.4106664,1.4308976,1.3389376,1.3738824,1.534,1.556,1.456,1.494,1.641113013e6,1.641113013e6,2021-07-10
1.4060684,1.4262996,1.3233044,1.411586,1.529,1.551,1.439,1.535,3.389098106e6,3.389098106e6,2021-07-09
1.54033,1.5430888,1.3665256,1.4051488,1.675,1.678,1.486,1.528,4.337800299e6,4.337800299e6,2021-07-08
1.4961892,1.6304508,1.4640032,1.5329732,1.627,1.773,1.592,1.667,7.474931117e6,7.474931117e6,2021-07-07
1.42538,1.5440084,1.42538,1.4952696,1.55,1.679,1.55,1.626,6.528526692e6,6.528526692e6,2021-07-06
1.4906716,1.5007872,1.3867568,1.4272192,1.621,1.632,1.508,1.552,3.738312213e6,3.738312213e6,2021-07-05
1.4722796,1.5559632,1.4308976,1.4915912,1.601,1.692,1.556,1.622,3.32961664e6,3.32961664e6,2021-07-04
1.4456112,1.5053852,1.3922744,1.4722796,1.572,1.637,1.514,1.601,2.021401645e6,2.021401645e6,2021-07-03
1.4364152,1.4566464,1.3453748,1.4465308,1.562,1.584,1.463,1.573,3.264809534e6,3.264809534e6,2021-07-02
1.5458476,1.5486064,1.3794,1.4382544,1.681,1.684,1.5,1.564,5.436897905e6,5.436897905e6,2021-07-01
1.4180232,1.5918276,1.3306612,1.5458476,1.542,1.731,1.447,1.681,1.171252351e7,1.171252351e7,2021-06-30
1.2892792,1.4428524,1.2856008,1.4180232,1.402,1.569,1.398,1.542,4.735199779e6,4.735199779e6,2021-06-29
1.2442188,1.3177868,1.2083544,1.28744,1.353,1.433,1.314,1.4,4.620803003e6,4.620803003e6,2021-06-28
1.2350228,1.2497364,1.1375452,1.24146,1.343,1.359,1.237,1.35,3.880335523e6,3.880335523e6,2021-06-27
1.1301884,1.2405404,1.0639772,1.2350228,1.229,1.349,1.157,1.343,6.025568081e6,6.025568081e6,2021-06-26
1.2947968,1.3315808,1.121912,1.1292688,1.408,1.448,1.22,1.228,5.71636778e6,5.71636778e6,2021-06-25
1.24146,1.315028,1.1568568,1.2938772,1.35,1.43,1.258,1.407,3.360107245e6,3.360107245e6,2021-06-24
1.1283492,1.324224,1.0786908,1.2405404,1.227,1.44,1.173,1.349,4.944530799e6,4.944530799e6,2021-06-23
1.200078,1.3003144,0.9950072,1.1283492,1.305,1.414,1.082,1.227,1.1111497918e7,1.1111497918e7,2021-06-22
1.5780336,1.5872296,1.1982388,1.200078,1.716,1.726,1.303,1.305,6.216363897e6,6.216363897e6,2021-06-21
1.6019432,1.6249332,1.4722796,1.5780336,1.742,1.767,1.601,1.716,2.78245379e6,2.78245379e6,2021-06-20
1.6424056,1.687466,1.5890688,1.6028628,1.786,1.835,1.728,1.743,2.109470799e6,2.109470799e6,2021-06-19
1.788622,1.7895416,1.5835512,1.641486,1.945,1.946,1.722,1.785,3.592239304e6,3.592239304e6,2021-06-18
1.9136876,1.917366,1.7527576,1.788622,2.081,2.085,1.906,1.945,5.00724108e6,5.00724108e6,2021-06-17
1.710456,1.949552,1.6194156,1.9136876,1.86,2.12,1.761,2.081,1.3774270728e7,1.3774270728e7,2021-06-16
1.7499988,1.7987376,1.692064,1.710456,1.903,1.956,1.84,1.86,3.749962332e6,3.749962332e6,2021-06-15
1.761034,1.903572,1.7076972,1.7499988,1.915,2.07,1.857,1.903,1.0115138369e7,1.0115138369e7,2021-06-14
1.5348124,1.8014964,1.4704404,1.761034,1.669,1.959,1.599,1.915,6.480658027e6,6.480658027e6,2021-06-13
1.646084,1.6470036,1.4548072,1.5338928,1.79,1.791,1.582,1.668,3.898504287e6,3.898504287e6,2021-06-12
1.7454008,1.765632,1.5532044,1.6433252,1.898,1.92,1.689,1.787,4.661870378e6,4.661870378e6,2021-06-11
1.9109288,1.917366,1.7279284,1.7435616,2.078,2.085,1.879,1.896,4.465174486e6,4.465174486e6,2021-06-10
1.825406,1.9762204,1.7040188,1.9090896,1.985,2.149,1.853,2.076,5.038545182e6,5.038545182e6,2021-06-09
1.9118484,1.9458736,1.673672,1.8244864,2.079,2.116,1.82,1.984,7.790468923e6,7.790468923e6,2021-06-08
2.216236,2.220834,1.8796624,1.9118484,2.41,2.415,2.044,2.079,7.549435342e6,7.549435342e6,2021-06-07
1.9136876,2.2769296,1.889778,2.2180752,2.081,2.476,2.055,2.412,7.35437542e6,7.35437542e6,2021-06-06
2.0056476,2.1674972,1.8520744,1.9136876,2.181,2.357,2.014,2.081,4.82424402e6,4.82424402e6,2021-06-05
2.2153164,2.2217536,1.9247228,2.0038084,2.409,2.416,2.093,2.179,6.892557369e6,6.892557369e6,2021-06-04
2.266814,2.4562516,2.1665776,2.2143968,2.465,2.671,2.356,2.408,1.216336617e7,1.216336617e7,2021-06-03
1.8686272,2.4985532,1.8456372,2.266814,2.032,2.717,2.007,2.465,4.7200334315e7,4.7200334315e7,2021-06-02
1.5550436,1.9302404,1.4474504,1.8704664,1.691,2.099,1.574,2.034,1.5203299159e7,1.5203299159e7,2021-06-01
1.4428524,1.56332,1.361008,1.5568828,1.569,1.7,1.48,1.693,3.764025376e6,3.764025376e6,2021-05-31
1.4143448,1.5164204,1.305832,1.4428524,1.538,1.649,1.42,1.569,2.813838366e6,2.813838366e6,2021-05-30
1.4768776,1.5559632,1.3049124,1.411586,1.606,1.692,1.419,1.535,5.269749134e6,5.269749134e6,2021-05-29
1.7251696,1.7435616,1.4152644,1.4768776,1.876,1.896,1.539,1.606,5.204847675e6,5.204847675e6,2021-05-28
1.848396,1.8842604,1.646084,1.7251696,2.01,2.049,1.79,1.876,5.452587161e6,5.452587161e6,2021-05-27
1.590908,1.8566724,1.544928,1.848396,1.73,2.019,1.68,2.01,7.460823832e6,7.460823832e6,2021-05-26
1.5890688,1.6653956,1.3858372,1.5927472,1.728,1.811,1.507,1.732,5.792514209e6,5.792514209e6,2021-05-25
1.3251436,1.6221744,1.2819224,1.5890688,1.441,1.764,1.394,1.728,6.467486354e6,6.467486354e6,2021-05-24
1.577114,1.6442448,1.0924848,1.324224,1.715,1.788,1.188,1.44,8.6620017e6,8.6620017e6,2021-05-23
1.7591948,1.7821848,1.5099832,1.577114,1.913,1.938,1.642,1.715,6.893734849e6,6.893734849e6,2021-05-22
1.963346,2.078296,1.5458476,1.7591948,2.135,2.26,1.681,1.913,1.0116643528e7,1.0116643528e7,2021-05-21
1.7408028,2.0957684,1.5991844,1.963346,1.893,2.279,1.739,2.135,7.708537582e6,7.708537582e6,2021-05-20
2.5803976,2.6650008,1.269048,1.7371244,2.806,2.898,1.38,1.889,1.1658474148e7,1.1658474148e7,2021-05-19
2.2925628,2.6962672,2.266814,2.5803976,2.493,2.932,2.465,2.806,4.36237435e6,4.36237435e6,2021-05-18
2.492116,2.5528096,2.216236,2.2879648,2.71,2.776,2.41,2.488,4.533221206e6,4.533221206e6,2021-05-17
2.6015484,2.7919056,2.3504976,2.492116,2.829,3.036,2.556,2.71,3.921344005e6,3.921344005e6,2021-05-16
2.8985792,2.9408808,2.5785584,2.5923524,3.152,3.198,2.804,2.819,3.369818021e6,3.369818021e6,2021-05-15
2.749604,2.9887,2.726614,2.9004184,2.99,3.25,2.965,3.154,3.064819664e6,3.064819664e6,2021-05-14
2.6889104,2.933524,2.5123472,2.7468452,2.924,3.19,2.732,2.987,5.892450791e6,5.892450791e6,2021-05-13
3.1156048,3.4034396,2.6153424,2.6907496,3.388,3.701,2.844,2.926,7.351745632e6,7.351745632e6,2021-05-12
3.0355996,3.1606652,2.8148956,3.1146852,3.301,3.437,3.061,3.387,4.987370049e6,4.987370049e6,2021-05-11
3.099052,3.6728824,2.740408,3.0355996,3.37,3.994,2.98,3.301,1.0819157002e7,1.0819157002e7,2021-05-10
3.163424,3.1882532,2.9482376,3.0972128,3.44,3.467,3.206,3.368,4.291836923e6,4.291836923e6,2021-05-09
3.2526252,3.393324,3.0981324,3.1643436,3.537,3.69,3.369,3.441,5.772965007e6,5.772965007e6,2021-05-08
3.2664192,3.9083,3.117444,3.255384,3.552,4.25,3.39,3.54,1.3431365432e7,1.3431365432e7,2021-05-07
3.020886,3.31056,2.9132928,3.2700976,3.285,3.6,3.168,3.556,7.473586953e6,7.473586953e6,2021-05-06
2.7284532,3.025484,2.699026,3.0199664,2.967,3.29,2.935,3.284,3.132663321e6,3.132663321e6,2021-05-05
3.1477908,3.1579064,2.6797144,2.7284532,3.423,3.434,2.914,2.967,4.563382112e6,4.563382112e6,2021-05-04
2.9188104,3.204806,2.915132,3.1441124,3.174,3.485,3.17,3.419,5.410965823e6,5.410965823e6,2021-05-03
3.066866,3.0907756,2.8388052,2.9178908,3.335,3.361,3.087,3.173,3.513877836e6,3.513877836e6,2021-05-02
2.9988156,3.117444,2.8857048,3.0641072,3.261,3.39,3.138,3.332,3.711409341e6,3.711409341e6,2021-05-01
2.8268504,3.062268,2.7698352,3.0006548,3.074,3.33,3.012,3.263,3.384162243e6,3.384162243e6,2021-04-30
2.8719108,3.089856,2.740408,2.8296092,3.123,3.36,2.98,3.077,4.638393878e6,4.638393878e6,2021-04-29
2.9887,3.0190468,2.6171816,2.8682324,3.25,3.283,2.846,3.119,4.886119243e6,4.886119243e6,2021-04-28
2.5574076,3.0604288,2.5114276,2.9887,2.781,3.328,2.731,3.25,7.387698362e6,7.387698362e6,2021-04-27
2.2143968,2.579478,2.197844,2.5592468,2.408,2.805,2.39,2.783,3.722779413e6,3.722779413e6,2021-04-26
2.1711756,2.4203872,2.0755372,2.2134772,2.361,2.632,2.257,2.407,3.030938542e6,3.030938542e6,2021-04-25
2.335784,2.3477388,2.0902508,2.1711756,2.54,2.553,2.273,2.361,2.601726284e6,2.601726284e6,2021-04-24
2.4203872,2.4810808,2.0470296,2.3394624,2.632,2.698,2.226,2.544,8.15828878e6,8.15828878e6,2021-04-23
2.78179,2.887544,2.3918796,2.4203872,3.025,3.14,2.601,2.632,6.757519003e6,6.757519003e6,2021-04-22
2.7183376,3.1487104,2.6512068,2.7827096,2.956,3.424,2.883,3.026,1.1036208892e7,1.1036208892e7,2021-04-21
2.5620056,2.832368,2.2502612,2.7183376,2.786,3.08,2.447,2.956,7.868040119e6,7.868040119e6,2021-04-20
2.7808704,2.8930616,2.446136,2.5620056,3.024,3.146,2.66,2.786,5.153028045e6,5.153028045e6,2021-04-19
3.0779012,3.112846,2.3550956,2.7827096,3.347,3.385,2.561,3.026,6.999612814e6,6.999612814e6,2021-04-18
3.2912484,3.319756,3.0374388,3.0779012,3.579,3.61,3.303,3.347,3.079210726e6,3.079210726e6,2021-04-17
3.2673388,3.3078012,2.9666296,3.292168,3.553,3.597,3.226,3.58,4.882977514e6,4.882977514e6,2021-04-16
3.1349164,3.3556204,3.1054892,3.2627408,3.409,3.649,3.377,3.548,2.875886279e6,2.875886279e6,2021-04-15
3.2765348,3.296766,2.9555944,3.1321576,3.563,3.585,3.214,3.406,3.906913677e6,3.906913677e6,2021-04-14
3.2351528,3.3464244,3.1045696,3.2765348,3.518,3.639,3.376,3.563,4.220947655e6,4.220947655e6,2021-04-13
3.3684948,3.6360984,3.1533084,3.2296352,3.663,3.954,3.429,3.512,5.494939343e6,5.494939343e6,2021-04-12
3.47149,3.508274,3.2186,3.3721732,3.775,3.815,3.5,3.667,5.700703837e6,5.700703837e6,2021-04-11
3.135836,4.009456,3.0475544,3.4742488,3.41,4.36,3.314,3.778,1.9147047907e7,1.9147047907e7,2021-04-10
3.0493936,3.2268764,2.9546748,3.1330772,3.316,3.509,3.213,3.407,4.302609179e6,4.302609179e6,2021-04-09
2.8194936,3.1146852,2.80478,3.0539916,3.066,3.387,3.05,3.321,3.648568805e6,3.648568805e6,2021-04-08
3.1661828,3.2526252,2.6401716,2.8213328,3.443,3.537,2.871,3.068,6.927371685e6,6.927371685e6,2021-04-07
3.0190468,3.3225148,2.9831824,3.1707808,3.283,3.613,3.244,3.448,5.574373503e6,5.574373503e6,2021-04-06
3.1054892,3.292168,2.8857048,3.0144488,3.377,3.58,3.138,3.278,6.477735022e6,6.477735022e6,2021-04-05
2.9887,3.227796,2.961112,3.1054892,3.25,3.51,3.22,3.377,5.2544572e6,5.2544572e6,2021-04-04
2.7983428,3.49448,2.7744332,2.9877804,3.043,3.8,3.017,3.249,1.7030946844e7,1.7030946844e7,2021-04-03
2.685232,2.85076,2.5528096,2.795584,2.92,3.1,2.776,3.04,5.097500229e6,5.097500229e6,2021-04-02
2.5031512,2.7183376,2.43694,2.685232,2.722,2.956,2.65,2.92,4.509868696e6,4.509868696e6,2021-04-01
2.5730408,2.6567244,2.3652112,2.501312,2.798,2.889,2.572,2.72,4.139996999e6,4.139996999e6,2021-03-31
2.5445332,2.6429304,2.4525732,2.5767192,2.767,2.874,2.667,2.802,4.185842392e6,4.185842392e6,2021-03-30
2.4424576,2.570282,2.3808444,2.5454528,2.656,2.795,2.589,2.768,4.711668225e6,4.711668225e6,2021-03-29
2.2677336,2.4488948,2.239226,2.4433772,2.466,2.663,2.435,2.657,4.072686942e6,4.072686942e6,2021-03-28
2.2521004,2.4305028,2.23003,2.2686532,2.449,2.643,2.425,2.467,4.735651206e6,4.735651206e6,2021-03-27
2.0930096,2.312794,2.0902508,2.2521004,2.276,2.515,2.273,2.449,4.144379158e6,4.144379158e6,2021-03-26
2.1812912,2.2171556,1.9743812,2.0939292,2.372,2.411,2.147,2.277,6.477026606e6,6.477026606e6,2021-03-25
2.395558,2.6079856,2.0985272,2.179452,2.605,2.836,2.282,2.37,7.443992297e6,7.443992297e6,2021-03-24
2.6364932,2.8470816,2.34498,2.3927992,2.867,3.096,2.55,2.602,8.505671345e6,8.505671345e6,2021-03-23
2.515106,2.8535188,2.41395,2.6401716,2.735,3.103,2.625,2.871,1.0148665543e7,1.0148665543e7,2021-03-22
2.5141864,2.5785584,2.3790052,2.5132668,2.734,2.804,2.587,2.733,6.033298266e6,6.033298266e6,2021-03-21
2.6778752,2.94272,2.50591,2.515106,2.912,3.2,2.725,2.735,7.285946501e6,7.285946501e6,2021-03-20
2.561086,2.745006,2.4580908,2.6751164,2.785,2.985,2.673,2.909,9.056196986e6,9.056196986e6,2021-03-19
2.5362568,3.0751424,2.5040708,2.5629252,2.758,3.344,2.723,2.787,3.3790566634e7,3.3790566634e7,2021-03-18
2.041512,2.6604028,1.9734616,2.5344176,2.22,2.893,2.146,2.756,2.4530173253e7,2.4530173253e7,2021-03-17
1.8906976,2.0562256,1.7775868,2.0433512,2.056,2.236,1.933,2.222,5.497134938e6,5.497134938e6,2021-03-16
1.981738,2.0939292,1.8290844,1.8906976,2.155,2.277,1.989,2.056,5.742232504e6,5.742232504e6,2021-03-15
2.1307132,2.142668,1.963346,1.981738,2.317,2.33,2.135,2.155,4.224848734e6,4.224848734e6,2021-03-14
2.032316,2.165658,1.912768,2.1297936,2.21,2.355,2.08,2.316,7.67873621e6,7.67873621e6,2021-03-13
2.0203612,2.2502612,1.9146072,2.0341552,2.197,2.447,2.082,2.212,1.008215388e7,1.008215388e7,2021-03-12
1.8824212,2.216236,1.811612,2.0194416,2.047,2.41,1.97,2.196,1.1232317031e7,1.1232317031e7,2021-03-11
2.0084064,2.0120848,1.834602,1.8824212,2.184,2.188,1.995,2.047,4.60200285e6,4.60200285e6,2021-03-10
1.990934,2.1619796,1.9274816,2.004728,2.165,2.351,2.096,2.18,6.490060122e6,6.490060122e6,2021-03-09
1.9017328,1.9927732,1.81621,1.9881752,2.068,2.167,1.975,2.162,3.987045857e6,3.987045857e6,2021-03-08
1.8934564,1.9513912,1.8226472,1.9063308,2.059,2.122,1.982,2.073,3.519116937e6,3.519116937e6,2021-03-07
1.9458736,2.0074868,1.79322,1.889778,2.116,2.183,1.95,2.055,5.626349164e6,5.626349164e6,2021-03-06
1.8474764,2.1500248,1.7159736,1.9458736,2.009,2.338,1.866,2.116,1.6256709199e7,1.6256709199e7,2021-03-05
1.6865464,1.9467932,1.6212548,1.8447176,1.834,2.117,1.763,2.006,7.988690013e6,7.988690013e6,2021-03-04
1.5320536,1.774828,1.5164204,1.6865464,1.666,1.93,1.649,1.834,5.945223636e6,5.945223636e6,2021-03-03
1.5504456,1.613898,1.4676816,1.5338928,1.686,1.755,1.596,1.668,3.787042018e6,3.787042018e6,2021-03-02
1.4456112,1.5596416,1.4364152,1.5522848,1.572,1.696,1.562,1.688,3.225872735e6,3.225872735e6,2021-03-01
1.544928,1.5596416,1.33342,1.4428524,1.68,1.696,1.45,1.569,3.168050953e6,3.168050953e6,2021-02-28
1.4961892,1.65528,1.4750384,1.5440084,1.627,1.8,1.604,1.679,3.368948655e6,3.368948655e6,2021-02-27
1.5017068,1.572516,1.3481336,1.4961892,1.633,1.71,1.466,1.627,4.415755973e6,4.415755973e6,2021-02-26
1.5026264,1.7665516,1.4741188,1.4998676,1.634,1.921,1.603,1.631,4.280422887e6,4.280422887e6,2021-02-25
1.4731992,1.6093,1.3867568,1.5007872,1.602,1.75,1.508,1.632,4.663241566e6,4.663241566e6,2021-02-24
1.81621,1.8327628,1.2341032,1.4731992,1.975,1.993,1.342,1.602,8.307920121e6,8.307920121e6,2021-02-23
2.0120848,2.0194416,1.49435,1.8134512,2.188,2.196,1.625,1.972,7.954285149e6,7.954285149e6,2021-02-22
1.903572,2.0571452,1.8474764,2.0120848,2.07,2.237,2.009,2.188,4.312009057e6,4.312009057e6,2021-02-21
2.013924,2.142668,1.7619536,1.903572,2.19,2.33,1.916,2.07,6.722501777e6,6.722501777e6,2021-02-20
2.0451904,2.0957684,1.926562,2.0111652,2.224,2.279,2.095,2.187,5.248659653e6,5.248659653e6,2021-02-19
1.9559892,2.1077232,1.9238032,2.0405924,2.127,2.292,2.092,2.219,5.232139877e6,5.232139877e6,2021-02-18
1.88518,2.0120848,1.7389636,1.9523108,2.05,2.188,1.891,2.123,6.056703552e6,6.056703552e6,2021-02-17
1.9366776,2.0019692,1.7895416,1.8842604,2.106,2.177,1.946,2.049,4.9857225e6,4.9857225e6,2021-02-16
1.958748,2.105884,1.572516,1.9385168,2.13,2.29,1.71,2.108,9.834071724e6,9.834071724e6,2021-02-15
2.151864,2.1868088,1.8750644,1.9569088,2.34,2.378,2.039,2.128,6.916483685e6,6.916483685e6,2021-02-14
2.1941656,2.3229096,1.9210444,2.151864,2.386,2.526,2.089,2.34,1.049087858e7,1.049087858e7,2021-02-13
2.1665776,2.299,2.0516276,2.1969244,2.356,2.5,2.231,2.389,7.515554878e6,7.515554878e6,2021-02-12
2.1555424,2.2980804,2.0424316,2.1684168,2.344,2.499,2.221,2.358,9.227024824e6,9.227024824e6,2021-02-11
1.8502352,2.2732512,1.7279284,2.1555424,2.012,2.472,1.879,2.344,1.8655234136e7,1.8655234136e7,2021-02-10
1.6883856,1.9026524,1.6442448,1.8502352,1.836,2.069,1.788,2.012,1.0107243113e7,1.0107243113e7,2021-02-09
1.6129784,1.8364412,1.5715964,1.687466,1.754,1.997,1.709,1.835,1.0080780877e7,1.0080780877e7,2021-02-08
1.6387272,1.687466,1.4327368,1.6111392,1.782,1.835,1.558,1.752,7.912687865e6,7.912687865e6,2021-02-07
1.8401196,1.8465568,1.5440084,1.6396468,2.001,2.008,1.679,1.783,1.1347963342e7,1.1347963342e7,2021-02-06
1.4400936,2.156462,1.4382544,1.8410392,1.566,2.345,1.564,2.002,2.6375199219e7,2.6375199219e7,2021-02-05
1.3692844,1.5715964,1.269048,1.4410132,1.489,1.709,1.38,1.567,9.200014626e6,9.200014626e6,2021-02-04
1.3003144,1.4281388,1.278244,1.3674452,1.414,1.553,1.39,1.487,5.022050068e6,5.022050068e6,2021-02-03
1.2911184,1.4060684,1.255254,1.3003144,1.404,1.529,1.365,1.414,6.730532811e6,6.730532811e6,2021-02-02
1.1872036,1.2957164,1.1550176,1.2901988,1.291,1.409,1.256,1.403,3.83621602e6,3.83621602e6,2021-02-01
1.269048,1.3306612,1.1642136,1.1872036,1.38,1.447,1.266,1.291,5.451744645e6,5.451744645e6,2021-01-31
1.158696,1.315028,1.1200728,1.2681284,1.26,1.43,1.218,1.379,4.55334957e6,4.55334957e6,2021-01-30
1.1734096,1.2055956,1.1329472,1.1577764,1.276,1.311,1.232,1.259,3.170480231e6,3.170480231e6,2021-01-29
1.0860476,1.2387012,1.062138,1.1752488,1.181,1.347,1.155,1.278,4.585071564e6,4.585071564e6,2021-01-28
1.2120328,1.213872,1.0501832,1.0860476,1.318,1.32,1.142,1.181,4.681784294e6,4.681784294e6,2021-01-27
1.213872,1.2469776,1.1246708,1.2120328,1.32,1.356,1.223,1.318,3.749765003e6,3.749765003e6,2021-01-26
1.2708872,1.3260632,1.2037564,1.2129524,1.382,1.442,1.309,1.319,4.054400118e6,4.054400118e6,2021-01-25
1.2534148,1.315028,1.2120328,1.2708872,1.363,1.43,1.318,1.382,5.322465107e6,5.322465107e6,2021-01-24
1.2524952,1.3315808,1.209274,1.2534148,1.362,1.448,1.315,1.363,5.173660346e6,5.173660346e6,2021-01-23
1.2699676,1.3674452,1.0878868,1.2543344,1.381,1.487,1.183,1.364,8.1867049e6,8.1867049e6,2021-01-22
1.1881232,1.3729628,1.043746,1.2727264,1.292,1.493,1.135,1.384,1.70734388e7,1.70734388e7,2021-01-21
1.1596156,1.213872,1.0612184,1.186284,1.261,1.32,1.154,1.29,6.007353229e6,6.007353229e6,2021-01-20
1.2285856,1.3159476,1.154098,1.1605352,1.336,1.431,1.255,1.262,7.125098245e6,7.125098245e6,2021-01-19
1.1347864,1.2865204,1.0786908,1.2285856,1.234,1.399,1.173,1.336,7.05651287e6,7.05651287e6,2021-01-18
1.17249,1.1899624,1.03455,1.1347864,1.275,1.294,1.125,1.234,5.194404232e6,5.194404232e6,2021-01-17
1.135706,1.181686,1.0520224,1.1734096,1.235,1.285,1.144,1.276,6.571646134e6,6.571646134e6,2021-01-16
0.9858112,1.1375452,0.956384,1.1347864,1.072,1.237,1.04,1.234,8.164720064e6,8.164720064e6,2021-01-15
1.0106404,1.0170776,0.947188,0.9858112,1.099,1.106,1.03,1.072,3.431370659e6,3.431370659e6,2021-01-14
0.9223588,1.0133992,0.8984492,1.0097208,1.003,1.102,0.977,1.098,2.945450366e6,2.945450366e6,2021-01-13
0.901208,1.0106404,0.8837356,0.9177608,0.98,1.099,0.961,0.998,6.993219161e6,6.993219161e6,2021-01-12
1.0446656,1.0465048,0.7880972,0.8993688,1.136,1.138,0.857,0.978,9.489703474e6,9.489703474e6,2021-01-11
1.0924848,1.186284,0.9361528,1.0428264,1.188,1.29,1.018,1.134,8.222123352e6,8.222123352e6,2021-01-10
1.0363892,1.1798468,0.9959268,1.0915652,1.127,1.283,1.083,1.187,1.1552047322e7,1.1552047322e7,2021-01-09
0.9756956,1.1246708,0.8699416,1.0354696,1.061,1.223,0.946,1.126,9.195157224e6,9.195157224e6,2021-01-08
1.0869672,1.19548,0.8910924,0.9756956,1.182,1.3,0.969,1.061,1.075153503e7,1.075153503e7,2021-01-07
0.8340772,1.1531784,0.8083284,1.0860476,0.907,1.254,0.879,1.181,1.2524807908e7,1.2524807908e7,2021-01-06
0.7559112,0.8487908,0.7338408,0.8359164,0.822,0.923,0.798,0.909,4.535603355e6,4.535603355e6,2021-01-05
0.7623484,0.8589064,0.698896,0.7559112,0.829,0.934,0.76,0.822,5.126350177e6,5.126350177e6,2021-01-04
0.721886,0.777062,0.703494,0.7623484,0.785,0.845,0.765,0.829,3.849821047e6,3.849821047e6,2021-01-03
0.7347604,0.7457956,0.717288,0.7209664,0.799,0.811,0.78,0.784,1.540860458e6,1.540860458e6,2021-01-02
0.7347604,0.7706248,0.71269,0.7347604,0.799,0.838,0.775,0.799,2.318242252e6,2.318242252e6,2021-01-01
0.740278,0.7421172,0.7163684,0.7347604,0.805,0.807,0.779,0.799,991157.151,991157.151,2020-12-31
0.7595896,0.7669464,0.731082,0.7421172,0.826,0.834,0.795,0.807,1.034062997e6,1.034062997e6,2020-12-30
0.7899364,0.8074088,0.7283232,0.7595896,0.859,0.878,0.792,0.826,1.867905698e6,1.867905698e6,2020-12-29
0.7476348,0.8037304,0.740278,0.7890168,0.813,0.874,0.805,0.858,1.526973689e6,1.526973689e6,2020-12-28
0.7347604,0.8028108,0.7283232,0.7467152,0.799,0.873,0.792,0.812,3.470905487e6,3.470905487e6,2020-12-27
0.763268,0.7641876,0.7228056,0.7329212,0.83,0.831,0.786,0.797,1.225385538e6,1.225385538e6,2020-12-26
0.7531524,0.7917756,0.7375192,0.763268,0.819,0.861,0.802,0.83,1.528871642e6,1.528871642e6,2020-12-25
0.694298,0.7651072,0.6685492,0.7531524,0.755,0.832,0.727,0.819,1.959151363e6,1.959151363e6,2020-12-24
0.818444,0.8258008,0.6280868,0.694298,0.89,0.898,0.683,0.755,3.440965582e6,3.440965582e6,2020-12-23
0.8028108,0.8202832,0.7752228,0.8202832,0.873,0.892,0.843,0.892,1.615358596e6,1.615358596e6,2020-12-22
0.8469516,0.864424,0.7789012,0.8018912,0.921,0.94,0.847,0.872,2.194108874e6,2.194108874e6,2020-12-21
0.8708612,0.8800572,0.8303988,0.8469516,0.947,0.957,0.903,0.921,1.893148128e6,1.893148128e6,2020-12-20
0.8681024,0.9196,0.8579868,0.8708612,0.944,1.0,0.933,0.947,3.155965268e6,3.155965268e6,2020-12-19
0.8515496,0.8717808,0.8349968,0.8681024,0.926,0.948,0.908,0.944,1.226106971e6,1.226106971e6,2020-12-18
0.864424,0.9030472,0.8349968,0.85063,0.94,0.982,0.908,0.925,4.766232653e6,4.766232653e6,2020-12-17
0.87362,0.8745396,0.8303988,0.864424,0.95,0.951,0.903,0.94,2.667862627e6,2.667862627e6,2020-12-16
0.8377556,0.8763788,0.8313184,0.87362,0.911,0.953,0.904,0.95,1.123095846e6,1.123095846e6,2020-12-15
0.8478712,0.8561476,0.8294792,0.836836,0.922,0.931,0.902,0.91,819015.606,819015.606,2020-12-14
0.8221224,0.8681024,0.8147656,0.8478712,0.894,0.944,0.886,0.922,798064.235,798064.235,2020-12-13
0.7972932,0.8386752,0.7926952,0.8212028,0.867,0.912,0.862,0.893,1.336008851e6,1.336008851e6,2020-12-12
0.795454,0.813846,0.7687856,0.7972932,0.865,0.885,0.836,0.867,1.115098602e6,1.115098602e6,2020-12-11
0.823042,0.8432732,0.7834992,0.7945344,0.895,0.917,0.852,0.864,1.049025213e6,1.049025213e6,2020-12-10
0.8202832,0.8331576,0.7687856,0.8221224,0.892,0.906,0.836,0.894,1.490023311e6,1.490023311e6,2020-12-09
0.878218,0.878218,0.8028108,0.8212028,0.955,0.955,0.873,0.893,1.971502912e6,1.971502912e6,2020-12-08
0.8975296,0.8984492,0.8616652,0.8772984,0.976,0.977,0.937,0.954,1.318948099e6,1.318948099e6,2020-12-07
0.8947708,0.9113236,0.8763788,0.8984492,0.973,0.991,0.953,0.977,1.042981961e6,1.042981961e6,2020-12-06
0.8533888,0.9030472,0.8441928,0.8947708,0.928,0.982,0.918,0.973,1.86346158e6,1.86346158e6,2020-12-05
0.9297156,0.9600624,0.8515496,0.8524692,1.011,1.044,0.926,0.927,3.204401534e6,3.204401534e6,2020-12-04
0.94259,0.9812132,0.9223588,0.9306352,1.025,1.067,1.003,1.012,2.474642921e6,2.474642921e6,2020-12-03
0.9076452,0.9508664,0.8947708,0.9444292,0.987,1.034,0.973,1.027,1.818609129e6,1.818609129e6,2020-12-02
0.9729368,1.0170776,0.8745396,0.9076452,1.058,1.106,0.951,0.987,4.332909458e6,4.332909458e6,2020-12-01
0.937992,1.0060424,0.9278764,0.9729368,1.02,1.094,1.009,1.058,1.926352299e6,1.926352299e6,2020-11-30
0.933394,0.9573036,0.905806,0.9398312,1.015,1.041,0.985,1.022,1.849108734e6,1.849108734e6,2020-11-29
0.8855748,0.960982,0.859826,0.9315548,0.963,1.045,0.935,1.013,2.033555048e6,2.033555048e6,2020-11-28
0.9030472,0.9306352,0.8497104,0.8855748,0.982,1.012,0.924,0.963,1.792590555e6,1.792590555e6,2020-11-27
1.0630576,1.1026004,0.813846,0.9021276,1.156,1.199,0.885,0.981,6.125905649e6,6.125905649e6,2020-11-26
1.0409872,1.2432992,1.020756,1.0639772,1.132,1.352,1.11,1.157,6.333980038e6,6.333980038e6,2020-11-25
1.0198364,1.0915652,0.9628212,1.039148,1.109,1.187,1.047,1.13,4.289923682e6,4.289923682e6,2020-11-24
